shot,timestamp,tx,ty,matched_x,matched_y,v,angle,omega,outcome,note
1,2026-02-25T10:11:30.881000,0.0,38.41,0.015,38.404,2.4036,0.0549,15.708,アウト/消滅(Out),
2,2026-02-25T10:11:31,0.0,38.41,0.015,38.404,2.4036,0.0549,15.708,アウト/消滅(Out),
3,2026-02-25T10:11:31.103000,0.0,38.41,0.015,38.404,2.4036,0.0549,15.708,アウト/消滅(Out),
4,2026-02-25T10:11:31.208000,1.04,37.28,1.015,37.304,2.3719,0.0815,15.708,アウト/消滅(Out),
5,2026-02-25T10:11:31.322000,1.04,37.28,1.015,37.304,2.3719,0.0815,15.708,アウト/消滅(Out),
6,2026-02-25T10:11:31.428000,1.04,37.72,1.015,37.704,2.3828,0.0811,15.708,アウト/消滅(Out),
7,2026-02-25T10:11:31.541000,1.04,37.72,1.015,37.704,2.3828,0.0811,15.708,アウト/消滅(Out),
8,2026-02-25T10:11:31.650000,1.04,37.72,1.015,37.704,2.3828,0.0811,15.708,アウト/消滅(Out),
1,2026-02-25T10:11:31.777000,0.0,38.41,0.015,38.404,2.4036,0.0549,15.708,アウト/消滅(Out),相手石が移動(Hit-moved)
2,2026-02-25T10:11:31.873000,0.0,38.41,0.015,38.404,2.4036,0.0549,15.708,アウト/消滅(Out),
3,2026-02-25T10:11:32.026000,0.0,38.41,0.015,38.404,2.4036,0.0549,15.708,アウト/消滅(Out),
4,2026-02-25T10:11:32.126000,0.0,38.41,0.015,38.404,2.4036,0.0549,15.708,アウト/消滅(Out),
5,2026-02-25T10:11:32.225000,0.0,38.41,0.015,38.404,2.4036,0.0549,15.708,アウト/消滅(Out),
6,2026-02-25T10:11:32.327000,0.0,38.41,0.015,38.404,2.4036,0.0549,15.708,アウト/消滅(Out),
7,2026-02-25T10:11:32.431000,0.0,38.41,0.015,38.404,2.4036,0.0549,15.708,アウト/消滅(Out),
8,2026-02-25T10:11:32.534000,0.0,38.41,0.015,38.404,2.4036,0.0549,15.708,アウト/消滅(Out),
1,2026-02-25T10:11:32.682000,0.0,38.41,0.015,38.404,2.4036,0.0549,15.708,アウト/消滅(Out),相手石が移動(Hit-moved)
2,2026-02-25T10:11:32.788000,0.0,38.41,0.015,38.404,2.4036,0.0549,15.708,アウト/消滅(Out),
3,2026-02-25T10:11:32.890000,0.0,38.41,0.015,38.404,2.4036,0.0549,15.708,アウト/消滅(Out),
4,2026-02-25T10:11:32.990000,0.0,38.41,0.015,38.404,2.4036,0.0549,15.708,アウト/消滅(Out),
5,2026-02-25T10:11:33.088000,0.0,38.41,0.015,38.404,2.4036,0.0549,15.708,アウト/消滅(Out),
6,2026-02-25T10:11:33.187000,0.0,38.41,0.015,38.404,2.4036,0.0549,15.708,アウト/消滅(Out),
7,2026-02-25T10:11:33.287000,0.0,38.41,0.015,38.404,2.4036,0.0549,15.708,アウト/消滅(Out),
8,2026-02-25T10:11:33.403000,0.0,38.41,0.015,38.404,2.4036,0.0549,15.708,アウト/消滅(Out),
1,2026-02-25T10:11:33.512000,0.0,38.41,0.015,38.404,2.4036,0.0549,15.708,アウト/消滅(Out),
2,2026-02-25T10:11:33.615000,0.0,38.41,0.015,38.404,2.4036,0.0549,15.708,アウト/消滅(Out),
3,2026-02-25T10:11:33.715000,0.0,38.41,0.015,38.404,2.4036,0.0549,15.708,アウト/消滅(Out),
4,2026-02-25T10:11:33.809000,0.0,38.41,0.015,38.404,2.4036,0.0549,15.708,アウト/消滅(Out),
5,2026-02-25T10:11:33.913000,0.0,38.41,0.015,38.404,2.4036,0.0549,15.708,アウト/消滅(Out),
6,2026-02-25T10:11:34.011000,0.0,38.41,0.015,38.404,2.4036,0.0549,15.708,アウト/消滅(Out),
7,2026-02-25T10:11:34.260000,0.0,38.41,0.015,38.404,2.4036,0.0549,15.708,アウト/消滅(Out),
8,2026-02-25T10:11:34.359000,1.84,36.95,1.815,36.904,2.3605,0.1031,15.708,アウト/消滅(Out),
1,2026-02-25T10:11:34.470000,0.0,38.41,0.015,38.404,2.4036,0.0549,15.708,アウト/消滅(Out),
2,2026-02-25T10:11:34.567000,0.0,38.41,0.015,38.404,2.4036,0.0549,15.708,アウト/消滅(Out),
3,2026-02-25T10:11:34.681000,0.0,38.41,0.015,38.404,2.4036,0.0549,15.708,アウト/消滅(Out),
4,2026-02-25T10:11:34.795000,0.0,38.41,0.015,38.404,2.4036,0.0549,15.708,アウト/消滅(Out),
5,2026-02-25T10:11:34.890000,0.0,38.41,0.015,38.404,2.4036,0.0549,15.708,アウト/消滅(Out),
6,2026-02-25T10:11:34.996000,0.0,38.41,0.015,38.404,2.4036,0.0549,15.708,アウト/消滅(Out),
7,2026-02-25T10:11:35.095000,0.0,38.41,0.015,38.404,2.4036,0.0549,15.708,アウト/消滅(Out),
8,2026-02-25T10:11:35.198000,0.0,38.41,0.015,38.404,2.4036,0.0549,15.708,アウト/消滅(Out),
1,2026-02-25T10:11:35.350000,0.0,38.41,0.015,38.404,2.4036,0.0549,15.708,アウト/消滅(Out),相手石が移動(Hit-moved)
2,2026-02-25T10:11:35.455000,0.0,38.41,0.015,38.404,2.4036,0.0549,15.708,アウト/消滅(Out),
3,2026-02-25T10:11:35.555000,0.0,38.41,0.015,38.404,2.4036,0.0549,15.708,アウト/消滅(Out),
4,2026-02-25T10:11:35.658000,0.0,38.41,0.015,38.404,2.4036,0.0549,15.708,アウト/消滅(Out),
5,2026-02-25T10:11:35.754000,0.0,38.41,0.015,38.404,2.4036,0.0549,15.708,アウト/消滅(Out),
6,2026-02-25T10:11:35.872000,0.0,38.41,0.015,38.404,2.4036,0.0549,15.708,アウト/消滅(Out),
7,2026-02-25T10:11:35.983000,0.0,38.41,0.015,38.404,2.4036,0.0549,15.708,アウト/消滅(Out),
8,2026-02-25T10:11:36.086000,0.0,38.41,0.015,38.404,2.4036,0.0549,15.708,アウト/消滅(Out),
1,2026-02-25T10:11:36.193000,0.0,38.41,0.015,38.404,2.4036,0.0549,15.708,アウト/消滅(Out),
2,2026-02-25T10:11:36.303000,0.0,38.41,0.015,38.404,2.4036,0.0549,15.708,アウト/消滅(Out),
3,2026-02-25T10:11:36.407000,0.0,38.41,0.015,38.404,2.4036,0.0549,15.708,アウト/消滅(Out),
4,2026-02-25T10:11:36.504000,0.0,38.41,0.015,38.404,2.4036,0.0549,15.708,アウト/消滅(Out),
5,2026-02-25T10:11:36.599000,0.0,38.41,0.015,38.404,2.4036,0.0549,15.708,アウト/消滅(Out),
6,2026-02-25T10:11:36.708000,0.0,38.41,0.015,38.404,2.4036,0.0549,15.708,アウト/消滅(Out),
7,2026-02-25T10:11:36.812000,0.0,38.41,0.015,38.404,2.4036,0.0549,15.708,アウト/消滅(Out),
8,2026-02-25T10:11:36.921000,0.0,38.41,0.015,38.404,2.4036,0.0549,15.708,アウト/消滅(Out),
1,2026-02-25T10:11:37.039000,0.0,38.41,0.015,38.404,2.4036,0.0549,15.708,アウト/消滅(Out),
2,2026-02-25T10:11:37.140000,0.0,38.41,0.015,38.404,2.4036,0.0549,15.708,アウト/消滅(Out),
3,2026-02-25T10:11:37.281000,0.0,38.41,0.015,38.404,2.4036,0.0549,15.708,アウト/消滅(Out),
4,2026-02-25T10:11:37.382000,0.0,38.41,0.015,38.404,2.4036,0.0549,15.708,アウト/消滅(Out),
5,2026-02-25T10:11:37.496000,0.0,38.41,0.015,38.404,2.4036,0.0549,15.708,アウト/消滅(Out),
6,2026-02-25T10:11:37.600000,0.0,38.41,0.015,38.404,2.4036,0.0549,15.708,アウト/消滅(Out),
7,2026-02-25T10:11:37.710000,0.0,38.41,0.015,38.404,2.4036,0.0549,15.708,アウト/消滅(Out),
8,2026-02-25T10:11:37.806000,0.0,38.41,0.015,38.404,2.4036,0.0549,15.708,アウト/消滅(Out),
1,2026-02-25T10:11:37.915000,0.0,38.41,0.015,38.404,2.4036,0.0549,15.708,アウト/消滅(Out),
2,2026-02-25T10:11:38.010000,0.0,38.41,0.015,38.404,2.4036,0.0549,15.708,アウト/消滅(Out),
3,2026-02-25T10:11:38.108000,0.0,38.41,0.015,38.404,2.4036,0.0549,15.708,アウト/消滅(Out),
4,2026-02-25T10:11:38.210000,0.0,38.41,0.015,38.404,2.4036,0.0549,15.708,アウト/消滅(Out),
5,2026-02-25T10:11:38.341000,0.0,38.41,0.015,38.404,2.4036,0.0549,15.708,アウト/消滅(Out),
6,2026-02-25T10:11:38.447000,0.0,38.41,0.015,38.404,2.4036,0.0549,15.708,アウト/消滅(Out),
7,2026-02-25T10:11:38.541000,0.0,38.41,0.015,38.404,2.4036,0.0549,15.708,アウト/消滅(Out),
8,2026-02-25T10:11:38.642000,0.0,38.41,0.015,38.404,2.4036,0.0549,15.708,アウト/消滅(Out),
1,2026-02-25T10:11:38.762000,0.0,38.41,0.015,38.404,2.4036,0.0549,15.708,アウト/消滅(Out),
2,2026-02-25T10:11:38.861000,0.0,38.41,0.015,38.404,2.4036,0.0549,15.708,アウト/消滅(Out),
3,2026-02-25T10:11:38.961000,0.0,38.41,0.015,38.404,2.4036,0.0549,15.708,アウト/消滅(Out),
4,2026-02-25T10:11:39.062000,0.0,38.41,0.015,38.404,2.4036,0.0549,15.708,アウト/消滅(Out),
5,2026-02-25T10:11:39.158000,0.0,38.41,0.015,38.404,2.4036,0.0549,15.708,アウト/消滅(Out),
6,2026-02-25T10:11:39.269000,0.0,38.41,0.015,38.404,2.4036,0.0549,15.708,アウト/消滅(Out),
7,2026-02-25T10:11:39.369000,0.0,38.41,0.015,38.404,2.4036,0.0549,15.708,アウト/消滅(Out),
8,2026-02-25T10:11:39.464000,0.0,38.41,0.015,38.404,2.4036,0.0549,15.708,アウト/消滅(Out),
1,2026-02-25T10:57:04.911000,0.0,38.41,0.015,38.404,2.4036,0.0549,15.708,no-snapshot,
2,2026-02-25T10:57:05.043000,0.0,38.41,0.015,38.404,2.4036,0.0549,15.708,no-snapshot,
3,2026-02-25T10:57:05.112000,0.0,38.41,0.015,38.404,2.4036,0.0549,15.708,no-snapshot,
4,2026-02-25T10:57:05.183000,0.0,38.41,0.015,38.404,2.4036,0.0549,15.708,no-snapshot,
5,2026-02-25T10:57:05.250000,0.0,38.41,0.015,38.404,2.4036,0.0549,15.708,no-snapshot,
6,2026-02-25T10:57:05.360000,0.0,38.41,0.015,38.404,2.4036,0.0549,15.708,no-snapshot,
7,2026-02-25T10:57:05.434000,0.0,38.41,0.015,38.404,2.4036,0.0549,15.708,no-snapshot,
8,2026-02-25T10:57:05.501000,0.0,38.41,0.015,38.404,2.4036,0.0549,15.708,no-snapshot,
1,2026-02-25T10:57:05.584000,0.0,38.41,0.015,38.404,2.4036,0.0549,15.708,no-snapshot,
2,2026-02-25T10:57:05.654000,0.0,38.41,0.015,38.404,2.4036,0.0549,15.708,no-snapshot,
3,2026-02-25T10:57:05.722000,0.0,38.41,0.015,38.404,2.4036,0.0549,15.708,no-snapshot,
4,2026-02-25T10:57:05.795000,0.0,38.41,0.015,38.404,2.4036,0.0549,15.708,no-snapshot,
5,2026-02-25T10:57:05.863000,0.0,38.41,0.015,38.404,2.4036,0.0549,15.708,no-snapshot,
6,2026-02-25T10:57:05.936000,0.0,38.41,0.015,38.404,2.4036,0.0549,15.708,no-snapshot,
7,2026-02-25T10:57:06.004000,0.0,38.41,0.015,38.404,2.4036,0.0549,15.708,no-snapshot,
8,2026-02-25T10:57:06.072000,0.0,38.41,0.015,38.404,2.4036,0.0549,15.708,no-snapshot,
1,2026-02-25T10:57:06.154000,0.0,38.41,0.015,38.404,2.4036,0.0549,15.708,no-snapshot,
2,2026-02-25T10:57:06.219000,0.0,38.41,0.015,38.404,2.4036,0.0549,15.708,no-snapshot,
3,2026-02-25T10:57:06.288000,0.0,38.41,0.015,38.404,2.4036,0.0549,15.708,no-snapshot,
4,2026-02-25T10:57:06.354000,0.0,38.41,0.015,38.404,2.4036,0.0549,15.708,no-snapshot,
5,2026-02-25T10:57:06.436000,0.0,38.41,0.015,38.404,2.4036,0.0549,15.708,no-snapshot,
6,2026-02-25T10:57:06.512000,0.0,38.41,0.015,38.404,2.4036,0.0549,15.708,no-snapshot,
7,2026-02-25T10:57:06.591000,0.0,38.41,0.015,38.404,2.4036,0.0549,15.708,no-snapshot,
8,2026-02-25T10:57:06.661000,0.0,38.41,0.015,38.404,2.4036,0.0549,15.708,no-snapshot,
1,2026-02-25T10:57:06.744000,0.0,38.41,0.015,38.404,2.4036,0.0549,15.708,no-snapshot,
2,2026-02-25T10:57:06.811000,0.0,38.41,0.015,38.404,2.4036,0.0549,15.708,no-snapshot,
3,2026-02-25T10:57:06.876000,0.0,38.41,0.015,38.404,2.4036,0.0549,15.708,no-snapshot,
4,2026-02-25T10:57:06.942000,0.0,38.41,0.015,38.404,2.4036,0.0549,15.708,no-snapshot,
5,2026-02-25T10:57:07.010000,0.0,38.41,0.015,38.404,2.4036,0.0549,15.708,no-snapshot,
6,2026-02-25T10:57:07.100000,0.0,38.41,0.015,38.404,2.4036,0.0549,15.708,no-snapshot,
7,2026-02-25T10:57:07.173000,0.0,38.41,0.015,38.404,2.4036,0.0549,15.708,no-snapshot,
8,2026-02-25T10:57:07.240000,0.0,38.41,0.015,38.404,2.4036,0.0549,15.708,no-snapshot,
1,2026-02-25T10:57:07.323000,0.0,38.41,0.015,38.404,2.4036,0.0549,15.708,no-snapshot,
2,2026-02-25T10:57:07.391000,0.0,38.41,0.015,38.404,2.4036,0.0549,15.708,no-snapshot,
3,2026-02-25T10:57:07.458000,0.0,38.41,0.015,38.404,2.4036,0.0549,15.708,no-snapshot,
4,2026-02-25T10:57:07.527000,0.0,38.41,0.015,38.404,2.4036,0.0549,15.708,no-snapshot,
5,2026-02-25T10:57:07.592000,0.0,38.41,0.015,38.404,2.4036,0.0549,15.708,no-snapshot,
6,2026-02-25T10:57:07.660000,0.0,38.41,0.015,38.404,2.4036,0.0549,15.708,no-snapshot,
7,2026-02-25T10:57:07.763000,0.0,38.41,0.015,38.404,2.4036,0.0549,15.708,no-snapshot,
8,2026-02-25T10:57:07.834000,0.0,38.41,0.015,38.404,2.4036,0.0549,15.708,no-snapshot,
1,2026-02-25T10:57:07.913000,0.0,38.41,0.015,38.404,2.4036,0.0549,15.708,no-snapshot,
2,2026-02-25T10:57:07.984000,0.0,38.41,0.015,38.404,2.4036,0.0549,15.708,no-snapshot,
3,2026-02-25T10:57:08.054000,0.0,38.41,0.015,38.404,2.4036,0.0549,15.708,no-snapshot,
4,2026-02-25T10:57:08.121000,0.0,38.41,0.015,38.404,2.4036,0.0549,15.708,no-snapshot,
5,2026-02-25T10:57:08.187000,0.0,38.41,0.015,38.404,2.4036,0.0549,15.708,no-snapshot,
6,2026-02-25T10:57:08.252000,0.0,38.41,0.015,38.404,2.4036,0.0549,15.708,no-snapshot,
7,2026-02-25T10:57:08.321000,0.0,38.41,0.015,38.404,2.4036,0.0549,15.708,no-snapshot,
8,2026-02-25T10:57:08.391000,0.0,38.41,0.015,38.404,2.4036,0.0549,15.708,no-snapshot,
1,2026-02-25T10:57:08.471000,0.0,38.41,0.015,38.404,2.4036,0.0549,15.708,no-snapshot,
2,2026-02-25T10:57:08.540000,0.0,38.41,0.015,38.404,2.4036,0.0549,15.708,no-snapshot,
3,2026-02-25T10:57:08.610000,0.0,38.41,0.015,38.404,2.4036,0.0549,15.708,no-snapshot,
4,2026-02-25T10:57:08.676000,0.0,38.41,0.015,38.404,2.4036,0.0549,15.708,no-snapshot,
5,2026-02-25T10:57:08.745000,0.0,38.41,0.015,38.404,2.4036,0.0549,15.708,no-snapshot,
6,2026-02-25T10:57:08.816000,0.0,38.41,0.015,38.404,2.4036,0.0549,15.708,no-snapshot,
7,2026-02-25T10:57:08.881000,0.0,38.41,0.015,38.404,2.4036,0.0549,15.708,no-snapshot,
8,2026-02-25T10:57:08.949000,0.0,38.41,0.015,38.404,2.4036,0.0549,15.708,no-snapshot,
1,2026-02-25T10:57:09.030000,0.0,38.41,0.015,38.404,2.4036,0.0549,15.708,no-snapshot,
2,2026-02-25T10:57:09.098000,0.0,38.41,0.015,38.404,2.4036,0.0549,15.708,no-snapshot,
3,2026-02-25T10:57:09.186000,0.0,38.41,0.015,38.404,2.4036,0.0549,15.708,no-snapshot,
4,2026-02-25T10:57:09.260000,0.0,38.41,0.015,38.404,2.4036,0.0549,15.708,no-snapshot,
5,2026-02-25T10:57:09.326000,0.0,38.41,0.015,38.404,2.4036,0.0549,15.708,no-snapshot,
6,2026-02-25T10:57:09.390000,0.0,38.41,0.015,38.404,2.4036,0.0549,15.708,no-snapshot,
7,2026-02-25T10:57:09.461000,0.0,38.41,0.015,38.404,2.4036,0.0549,15.708,no-snapshot,
8,2026-02-25T10:57:09.529000,0.0,38.41,0.015,38.404,2.4036,0.0549,15.708,no-snapshot,
1,2026-02-25T10:57:09.611000,0.0,38.41,0.015,38.404,2.4036,0.0549,15.708,no-snapshot,
2,2026-02-25T10:57:09.677000,0.0,38.41,0.015,38.404,2.4036,0.0549,15.708,no-snapshot,
3,2026-02-25T10:57:09.745000,0.0,38.41,0.015,38.404,2.4036,0.0549,15.708,no-snapshot,
4,2026-02-25T10:57:09.816000,0.0,38.41,0.015,38.404,2.4036,0.0549,15.708,no-snapshot,
5,2026-02-25T10:57:09.882000,0.0,38.41,0.015,38.404,2.4036,0.0549,15.708,no-snapshot,
6,2026-02-25T10:57:09.949000,0.0,38.41,0.015,38.404,2.4036,0.0549,15.708,no-snapshot,
7,2026-02-25T10:57:10.018000,0.0,38.41,0.015,38.404,2.4036,0.0549,15.708,no-snapshot,
8,2026-02-25T10:57:10.085000,0.0,38.41,0.015,38.404,2.4036,0.0549,15.708,no-snapshot,
1,2026-02-25T10:57:10.201000,0.0,38.41,0.015,38.404,2.4036,0.0549,15.708,no-snapshot,
2,2026-02-25T10:57:10.281000,0.0,38.41,0.015,38.404,2.4036,0.0549,15.708,no-snapshot,
3,2026-02-25T10:57:10.352000,0.0,38.41,0.015,38.404,2.4036,0.0549,15.708,no-snapshot,
4,2026-02-25T10:57:10.418000,0.0,38.41,0.015,38.404,2.4036,0.0549,15.708,no-snapshot,
5,2026-02-25T10:57:10.483000,0.0,38.41,0.015,38.404,2.4036,0.0549,15.708,no-snapshot,
6,2026-02-25T10:57:10.549000,0.0,38.41,0.015,38.404,2.4036,0.0549,15.708,no-snapshot,
7,2026-02-25T10:57:10.617000,0.0,38.41,0.015,38.404,2.4036,0.0549,15.708,no-snapshot,
8,2026-02-25T10:57:10.682000,0.0,38.41,0.015,38.404,2.4036,0.0549,15.708,no-snapshot,
1,2026-02-25T10:57:10.761000,0.0,38.41,0.015,38.404,2.4036,0.0549,15.708,no-snapshot,
2,2026-02-25T10:57:10.829000,0.0,38.41,0.015,38.404,2.4036,0.0549,15.708,no-snapshot,
3,2026-02-25T10:57:10.895000,0.0,38.41,0.015,38.404,2.4036,0.0549,15.708,no-snapshot,
4,2026-02-25T10:57:10.963000,0.0,38.41,0.015,38.404,2.4036,0.0549,15.708,no-snapshot,
5,2026-02-25T10:57:11.031000,0.0,38.41,0.015,38.404,2.4036,0.0549,15.708,no-snapshot,
6,2026-02-25T10:57:11.097000,0.0,38.41,0.015,38.404,2.4036,0.0549,15.708,no-snapshot,
7,2026-02-25T10:57:11.163000,0.0,38.41,0.015,38.404,2.4036,0.0549,15.708,no-snapshot,
8,2026-02-25T10:57:11.239000,0.0,38.41,0.015,38.404,2.4036,0.0549,15.708,no-snapshot,
1,2026-02-25T10:57:11.338000,0.0,38.41,0.015,38.404,2.4036,0.0549,15.708,no-snapshot,
2,2026-02-25T10:57:11.405000,0.0,38.41,0.015,38.404,2.4036,0.0549,15.708,no-snapshot,
3,2026-02-25T10:57:11.473000,0.0,38.41,0.015,38.404,2.4036,0.0549,15.708,no-snapshot,
4,2026-02-25T10:57:11.541000,0.0,38.41,0.015,38.404,2.4036,0.0549,15.708,no-snapshot,
5,2026-02-25T10:57:11.608000,0.0,38.41,0.015,38.404,2.4036,0.0549,15.708,no-snapshot,
6,2026-02-25T10:57:11.675000,0.0,38.41,0.015,38.404,2.4036,0.0549,15.708,no-snapshot,
7,2026-02-25T10:57:11.742000,0.0,38.41,0.015,38.404,2.4036,0.0549,15.708,no-snapshot,
8,2026-02-25T10:57:11.811000,0.0,38.41,0.015,38.404,2.4036,0.0549,15.708,no-snapshot,
1,2026-02-25T10:57:11.890000,0.0,38.41,0.015,38.404,2.4036,0.0549,15.708,no-snapshot,
2,2026-02-25T10:57:11.959000,0.0,38.41,0.015,38.404,2.4036,0.0549,15.708,no-snapshot,
3,2026-02-25T10:57:12.034000,0.0,38.41,0.015,38.404,2.4036,0.0549,15.708,no-snapshot,
4,2026-02-25T10:57:12.101000,0.0,38.41,0.015,38.404,2.4036,0.0549,15.708,no-snapshot,
5,2026-02-25T10:57:12.166000,0.0,38.41,0.015,38.404,2.4036,0.0549,15.708,no-snapshot,
6,2026-02-25T10:57:12.232000,0.0,38.41,0.015,38.404,2.4036,0.0549,15.708,no-snapshot,
7,2026-02-25T10:57:12.296000,0.0,38.41,0.015,38.404,2.4036,0.0549,15.708,no-snapshot,
8,2026-02-25T10:57:12.365000,0.0,38.41,0.015,38.404,2.4036,0.0549,15.708,no-snapshot,
1,2026-02-25T10:57:12.487000,0.0,38.41,0.015,38.404,2.4036,0.0549,15.708,no-snapshot,
2,2026-02-25T10:57:12.560000,0.0,38.41,0.015,38.404,2.4036,0.0549,15.708,no-snapshot,
3,2026-02-25T10:57:12.632000,0.0,38.41,0.015,38.404,2.4036,0.0549,15.708,no-snapshot,
4,2026-02-25T10:57:12.725000,0.0,38.41,0.015,38.404,2.4036,0.0549,15.708,no-snapshot,
5,2026-02-25T10:57:12.807000,0.0,38.41,0.015,38.404,2.4036,0.0549,15.708,no-snapshot,
6,2026-02-25T10:57:12.875000,0.0,38.41,0.015,38.404,2.4036,0.0549,15.708,no-snapshot,
7,2026-02-25T10:57:12.945000,0.0,38.41,0.015,38.404,2.4036,0.0549,15.708,no-snapshot,
8,2026-02-25T10:57:13.014000,0.0,38.41,0.015,38.404,2.4036,0.0549,15.708,no-snapshot,
1,2026-02-25T10:57:13.100000,0.0,38.41,0.015,38.404,2.4036,0.0549,15.708,no-snapshot,
2,2026-02-25T10:57:13.172000,0.0,38.41,0.015,38.404,2.4036,0.0549,15.708,no-snapshot,
3,2026-02-25T10:57:13.251000,0.0,38.41,0.015,38.404,2.4036,0.0549,15.708,no-snapshot,
4,2026-02-25T10:57:13.345000,0.0,38.41,0.015,38.404,2.4036,0.0549,15.708,no-snapshot,
5,2026-02-25T10:57:13.483000,0.0,38.41,0.015,38.404,2.4036,0.0549,15.708,no-snapshot,
6,2026-02-25T10:57:13.556000,0.0,38.41,0.015,38.404,2.4036,0.0549,15.708,no-snapshot,
7,2026-02-25T10:57:13.636000,0.0,38.41,0.015,38.404,2.4036,0.0549,15.708,no-snapshot,
8,2026-02-25T10:57:13.740000,0.0,38.41,0.015,38.404,2.4036,0.0549,15.708,no-snapshot,
1,2026-02-25T10:57:13.861000,0.0,38.41,0.015,38.404,2.4036,0.0549,15.708,no-snapshot,
2,2026-02-25T10:57:13.938000,0.0,38.41,0.015,38.404,2.4036,0.0549,15.708,no-snapshot,
3,2026-02-25T10:57:14.014000,0.0,38.41,0.015,38.404,2.4036,0.0549,15.708,no-snapshot,
4,2026-02-25T10:57:14.094000,0.0,38.41,0.015,38.404,2.4036,0.0549,15.708,no-snapshot,
5,2026-02-25T10:57:14.170000,0.0,38.41,0.015,38.404,2.4036,0.0549,15.708,no-snapshot,
6,2026-02-25T10:57:14.248000,0.0,38.41,0.015,38.404,2.4036,0.0549,15.708,no-snapshot,
7,2026-02-25T10:57:14.325000,0.0,38.41,0.015,38.404,2.4036,0.0549,15.708,no-snapshot,
8,2026-02-25T10:57:14.397000,0.0,38.41,0.015,38.404,2.4036,0.0549,15.708,no-snapshot,
1,2026-02-25T10:57:14.488000,0.0,38.41,0.015,38.404,2.4036,0.0549,15.708,no-snapshot,
2,2026-02-25T10:57:14.561000,0.0,38.41,0.015,38.404,2.4036,0.0549,15.708,no-snapshot,
3,2026-02-25T10:57:14.638000,0.0,38.41,0.015,38.404,2.4036,0.0549,15.708,no-snapshot,
4,2026-02-25T10:57:14.717000,0.0,38.41,0.015,38.404,2.4036,0.0549,15.708,no-snapshot,
5,2026-02-25T10:57:14.808000,0.0,38.41,0.015,38.404,2.4036,0.0549,15.708,no-snapshot,
6,2026-02-25T10:57:14.897000,0.0,38.41,0.015,38.404,2.4036,0.0549,15.708,no-snapshot,
7,2026-02-25T10:57:15.009000,0.0,38.41,0.015,38.404,2.4036,0.0549,15.708,no-snapshot,
8,2026-02-25T10:57:15.137000,0.0,38.41,0.015,38.404,2.4036,0.0549,15.708,no-snapshot,
1,2026-02-25T10:57:15.226000,0.0,38.41,0.015,38.404,2.4036,0.0549,15.708,no-snapshot,
2,2026-02-25T10:57:15.309000,0.0,38.41,0.015,38.404,2.4036,0.0549,15.708,no-snapshot,
3,2026-02-25T10:57:15.384000,0.0,38.41,0.015,38.404,2.4036,0.0549,15.708,no-snapshot,
4,2026-02-25T10:57:15.484000,0.0,38.41,0.015,38.404,2.4036,0.0549,15.708,no-snapshot,
5,2026-02-25T10:57:15.569000,0.0,38.41,0.015,38.404,2.4036,0.0549,15.708,no-snapshot,
6,2026-02-25T10:57:15.644000,0.0,38.41,0.015,38.404,2.4036,0.0549,15.708,no-snapshot,
7,2026-02-25T10:57:15.717000,0.0,38.41,0.015,38.404,2.4036,0.0549,15.708,no-snapshot,
8,2026-02-25T10:57:15.799000,0.0,38.41,0.015,38.404,2.4036,0.0549,15.708,no-snapshot,
1,2026-02-25T10:57:15.884000,0.0,38.41,0.015,38.404,2.4036,0.0549,15.708,no-snapshot,
2,2026-02-25T10:57:15.958000,0.0,38.41,0.015,38.404,2.4036,0.0549,15.708,no-snapshot,
3,2026-02-25T10:57:16.033000,0.0,38.41,0.015,38.404,2.4036,0.0549,15.708,no-snapshot,
4,2026-02-25T10:57:16.112000,0.0,38.41,0.015,38.404,2.4036,0.0549,15.708,no-snapshot,
5,2026-02-25T10:57:16.181000,0.0,38.41,0.015,38.404,2.4036,0.0549,15.708,no-snapshot,
6,2026-02-25T10:57:16.250000,0.0,38.41,0.015,38.404,2.4036,0.0549,15.708,no-snapshot,
7,2026-02-25T10:57:16.316000,0.0,38.41,0.015,38.404,2.4036,0.0549,15.708,no-snapshot,
8,2026-02-25T10:57:16.379000,0.0,38.41,0.015,38.404,2.4036,0.0549,15.708,no-snapshot,
1,2026-02-25T10:57:16.460000,0.0,38.41,0.015,38.404,2.4036,0.0549,15.708,no-snapshot,
2,2026-02-25T10:57:16.532000,0.0,38.41,0.015,38.404,2.4036,0.0549,15.708,no-snapshot,
3,2026-02-25T10:57:16.604000,0.0,38.41,0.015,38.404,2.4036,0.0549,15.708,no-snapshot,
4,2026-02-25T10:57:16.677000,0.0,38.41,0.015,38.404,2.4036,0.0549,15.708,no-snapshot,
5,2026-02-25T10:57:16.743000,0.0,38.41,0.015,38.404,2.4036,0.0549,15.708,no-snapshot,
6,2026-02-25T10:57:16.810000,0.0,38.41,0.015,38.404,2.4036,0.0549,15.708,no-snapshot,
7,2026-02-25T10:57:16.874000,0.0,38.41,0.015,38.404,2.4036,0.0549,15.708,no-snapshot,
8,2026-02-25T10:57:16.943000,0.0,38.41,0.015,38.404,2.4036,0.0549,15.708,no-snapshot,
1,2026-02-25T10:57:17.028000,0.0,38.41,0.015,38.404,2.4036,0.0549,15.708,no-snapshot,
2,2026-02-25T10:57:17.093000,0.0,38.41,0.015,38.404,2.4036,0.0549,15.708,no-snapshot,
3,2026-02-25T10:57:17.162000,0.0,38.41,0.015,38.404,2.4036,0.0549,15.708,no-snapshot,
4,2026-02-25T10:57:17.226000,0.0,38.41,0.015,38.404,2.4036,0.0549,15.708,no-snapshot,
5,2026-02-25T10:57:17.299000,0.0,38.41,0.015,38.404,2.4036,0.0549,15.708,no-snapshot,
6,2026-02-25T10:57:17.372000,0.0,38.41,0.015,38.404,2.4036,0.0549,15.708,no-snapshot,
7,2026-02-25T10:57:17.446000,0.0,38.41,0.015,38.404,2.4036,0.0549,15.708,no-snapshot,
8,2026-02-25T10:57:17.554000,0.0,38.41,0.015,38.404,2.4036,0.0549,15.708,no-snapshot,
1,2026-02-25T10:57:17.664000,0.0,38.41,0.015,38.404,2.4036,0.0549,15.708,no-snapshot,
2,2026-02-25T10:57:17.727000,0.0,38.41,0.015,38.404,2.4036,0.0549,15.708,no-snapshot,
3,2026-02-25T10:57:17.793000,0.0,38.41,0.015,38.404,2.4036,0.0549,15.708,no-snapshot,
4,2026-02-25T10:57:17.860000,0.0,38.41,0.015,38.404,2.4036,0.0549,15.708,no-snapshot,
5,2026-02-25T10:57:17.929000,0.0,38.41,0.015,38.404,2.4036,0.0549,15.708,no-snapshot,
6,2026-02-25T10:57:18,0.0,38.41,0.015,38.404,2.4036,0.0549,15.708,no-snapshot,
7,2026-02-25T10:57:18.114000,0.0,38.41,0.015,38.404,2.4036,0.0549,15.708,no-snapshot,
8,2026-02-25T10:57:18.186000,0.0,38.41,0.015,38.404,2.4036,0.0549,15.708,no-snapshot,
1,2026-02-25T10:57:18.261000,0.0,38.41,0.015,38.404,2.4036,0.0549,15.708,no-snapshot,
2,2026-02-25T10:57:18.329000,0.0,38.41,0.015,38.404,2.4036,0.0549,15.708,no-snapshot,
3,2026-02-25T10:57:18.392000,0.0,38.41,0.015,38.404,2.4036,0.0549,15.708,no-snapshot,
4,2026-02-25T10:57:18.457000,0.0,38.41,0.015,38.404,2.4036,0.0549,15.708,no-snapshot,
5,2026-02-25T10:57:18.524000,0.0,38.41,0.015,38.404,2.4036,0.0549,15.708,no-snapshot,
6,2026-02-25T10:57:18.593000,0.0,38.41,0.015,38.404,2.4036,0.0549,15.708,no-snapshot,
7,2026-02-25T10:57:18.661000,0.0,38.41,0.015,38.404,2.4036,0.0549,15.708,no-snapshot,
8,2026-02-25T10:57:18.738000,0.0,38.41,0.015,38.404,2.4036,0.0549,15.708,no-snapshot,
1,2026-02-25T10:57:18.823000,0.0,38.41,0.015,38.404,2.4036,0.0549,15.708,no-snapshot,
2,2026-02-25T10:57:18.894000,0.0,38.41,0.015,38.404,2.4036,0.0549,15.708,no-snapshot,
3,2026-02-25T10:57:18.961000,0.0,38.41,0.015,38.404,2.4036,0.0549,15.708,no-snapshot,
4,2026-02-25T10:57:19.030000,0.0,38.41,0.015,38.404,2.4036,0.0549,15.708,no-snapshot,
5,2026-02-25T10:57:19.097000,0.0,38.41,0.015,38.404,2.4036,0.0549,15.708,no-snapshot,
6,2026-02-25T10:57:19.161000,0.0,38.41,0.015,38.404,2.4036,0.0549,15.708,no-snapshot,
7,2026-02-25T10:57:19.231000,0.0,38.41,0.015,38.404,2.4036,0.0549,15.708,no-snapshot,
8,2026-02-25T10:57:19.298000,0.0,38.41,0.015,38.404,2.4036,0.0549,15.708,no-snapshot,
1,2026-02-25T10:57:19.391000,0.0,38.41,0.015,38.404,2.4036,0.0549,15.708,no-snapshot,
2,2026-02-25T10:57:19.462000,0.0,38.41,0.015,38.404,2.4036,0.0549,15.708,no-snapshot,
3,2026-02-25T10:57:19.533000,0.0,38.41,0.015,38.404,2.4036,0.0549,15.708,no-snapshot,
4,2026-02-25T10:57:19.598000,0.0,38.41,0.015,38.404,2.4036,0.0549,15.708,no-snapshot,
5,2026-02-25T10:57:19.675000,0.0,38.41,0.015,38.404,2.4036,0.0549,15.708,no-snapshot,
6,2026-02-25T10:57:19.760000,0.0,38.41,0.015,38.404,2.4036,0.0549,15.708,no-snapshot,
7,2026-02-25T10:57:19.828000,0.0,38.41,0.015,38.404,2.4036,0.0549,15.708,no-snapshot,
8,2026-02-25T10:57:19.894000,0.0,38.41,0.015,38.404,2.4036,0.0549,15.708,no-snapshot,
1,2026-02-25T10:57:20.017000,0.0,38.41,0.015,38.404,2.4036,0.0549,15.708,no-snapshot,
2,2026-02-25T10:57:20.091000,0.0,38.41,0.015,38.404,2.4036,0.0549,15.708,no-snapshot,
3,2026-02-25T10:57:20.158000,0.0,38.41,0.015,38.404,2.4036,0.0549,15.708,no-snapshot,
4,2026-02-25T10:57:20.230000,0.0,38.41,0.015,38.404,2.4036,0.0549,15.708,no-snapshot,
5,2026-02-25T10:57:20.297000,0.0,38.41,0.015,38.404,2.4036,0.0549,15.708,no-snapshot,
6,2026-02-25T10:57:20.364000,0.0,38.41,0.015,38.404,2.4036,0.0549,15.708,no-snapshot,
7,2026-02-25T10:57:20.435000,0.0,38.41,0.015,38.404,2.4036,0.0549,15.708,no-snapshot,
8,2026-02-25T10:57:20.506000,0.0,38.41,0.015,38.404,2.4036,0.0549,15.708,no-snapshot,
1,2026-02-25T10:57:20.586000,0.0,38.41,0.015,38.404,2.4036,0.0549,15.708,no-snapshot,
2,2026-02-25T10:57:20.653000,0.0,38.41,0.015,38.404,2.4036,0.0549,15.708,no-snapshot,
3,2026-02-25T10:57:20.721000,0.0,38.41,0.015,38.404,2.4036,0.0549,15.708,no-snapshot,
4,2026-02-25T10:57:20.786000,0.0,38.41,0.015,38.404,2.4036,0.0549,15.708,no-snapshot,
5,2026-02-25T10:57:20.855000,0.0,38.41,0.015,38.404,2.4036,0.0549,15.708,no-snapshot,
6,2026-02-25T10:57:20.925000,0.0,38.41,0.015,38.404,2.4036,0.0549,15.708,no-snapshot,
7,2026-02-25T10:57:20.996000,0.0,38.41,0.015,38.404,2.4036,0.0549,15.708,no-snapshot,
8,2026-02-25T10:57:21.068000,0.0,38.41,0.015,38.404,2.4036,0.0549,15.708,no-snapshot,
1,2026-02-25T10:57:21.148000,0.0,38.41,0.015,38.404,2.4036,0.0549,15.708,no-snapshot,
2,2026-02-25T10:57:21.221000,0.0,38.41,0.015,38.404,2.4036,0.0549,15.708,no-snapshot,
3,2026-02-25T10:57:21.291000,0.0,38.41,0.015,38.404,2.4036,0.0549,15.708,no-snapshot,
4,2026-02-25T10:57:21.359000,0.0,38.41,0.015,38.404,2.4036,0.0549,15.708,no-snapshot,
5,2026-02-25T10:57:21.429000,0.0,38.41,0.015,38.404,2.4036,0.0549,15.708,no-snapshot,
6,2026-02-25T10:57:21.500000,0.0,38.41,0.015,38.404,2.4036,0.0549,15.708,no-snapshot,
7,2026-02-25T10:57:21.567000,0.0,38.41,0.015,38.404,2.4036,0.0549,15.708,no-snapshot,
8,2026-02-25T10:57:21.635000,0.0,38.41,0.015,38.404,2.4036,0.0549,15.708,no-snapshot,
1,2026-02-25T10:57:21.713000,0.0,38.41,0.015,38.404,2.4036,0.0549,15.708,no-snapshot,
2,2026-02-25T10:57:21.799000,0.0,38.41,0.015,38.404,2.4036,0.0549,15.708,no-snapshot,
3,2026-02-25T10:57:21.877000,0.0,38.41,0.015,38.404,2.4036,0.0549,15.708,no-snapshot,
4,2026-02-25T10:57:21.945000,0.0,38.41,0.015,38.404,2.4036,0.0549,15.708,no-snapshot,
5,2026-02-25T10:57:22.013000,0.0,38.41,0.015,38.404,2.4036,0.0549,15.708,no-snapshot,
6,2026-02-25T10:57:22.084000,0.0,38.41,0.015,38.404,2.4036,0.0549,15.708,no-snapshot,
7,2026-02-25T10:57:22.155000,0.0,38.41,0.015,38.404,2.4036,0.0549,15.708,no-snapshot,
8,2026-02-25T10:57:22.225000,0.0,38.41,0.015,38.404,2.4036,0.0549,15.708,no-snapshot,
1,2026-02-25T10:57:22.358000,0.0,38.41,0.015,38.404,2.4036,0.0549,15.708,no-snapshot,
2,2026-02-25T10:57:22.427000,0.0,38.41,0.015,38.404,2.4036,0.0549,15.708,no-snapshot,
3,2026-02-25T10:57:22.496000,0.0,38.41,0.015,38.404,2.4036,0.0549,15.708,no-snapshot,
4,2026-02-25T10:57:22.570000,0.0,38.41,0.015,38.404,2.4036,0.0549,15.708,no-snapshot,
5,2026-02-25T10:57:22.646000,0.0,38.41,0.015,38.404,2.4036,0.0549,15.708,no-snapshot,
6,2026-02-25T10:57:22.748000,0.0,38.41,0.015,38.404,2.4036,0.0549,15.708,no-snapshot,
7,2026-02-25T10:57:22.829000,0.0,38.41,0.015,38.404,2.4036,0.0549,15.708,no-snapshot,
8,2026-02-25T10:57:22.899000,0.0,38.41,0.015,38.404,2.4036,0.0549,15.708,no-snapshot,
1,2026-02-25T10:57:22.979000,0.0,38.41,0.015,38.404,2.4036,0.0549,15.708,no-snapshot,
2,2026-02-25T10:57:23.049000,0.0,38.41,0.015,38.404,2.4036,0.0549,15.708,no-snapshot,
3,2026-02-25T10:57:23.121000,0.0,38.41,0.015,38.404,2.4036,0.0549,15.708,no-snapshot,
4,2026-02-25T10:57:23.191000,0.0,38.41,0.015,38.404,2.4036,0.0549,15.708,no-snapshot,
5,2026-02-25T10:57:23.263000,0.0,38.41,0.015,38.404,2.4036,0.0549,15.708,no-snapshot,
6,2026-02-25T10:57:23.342000,0.0,38.41,0.015,38.404,2.4036,0.0549,15.708,no-snapshot,
7,2026-02-25T10:57:23.439000,0.0,38.41,0.015,38.404,2.4036,0.0549,15.708,no-snapshot,
8,2026-02-25T10:57:23.516000,0.0,38.41,0.015,38.404,2.4036,0.0549,15.708,no-snapshot,
1,2026-02-25T10:57:23.595000,0.0,38.41,0.015,38.404,2.4036,0.0549,15.708,no-snapshot,
2,2026-02-25T10:57:23.671000,0.0,38.41,0.015,38.404,2.4036,0.0549,15.708,no-snapshot,
3,2026-02-25T10:57:23.779000,0.0,38.41,0.015,38.404,2.4036,0.0549,15.708,no-snapshot,
4,2026-02-25T10:57:23.869000,0.0,38.41,0.015,38.404,2.4036,0.0549,15.708,no-snapshot,
5,2026-02-25T10:57:23.960000,0.0,38.41,0.015,38.404,2.4036,0.0549,15.708,no-snapshot,
6,2026-02-25T10:57:24.029000,0.0,38.41,0.015,38.404,2.4036,0.0549,15.708,no-snapshot,
7,2026-02-25T10:57:24.096000,0.0,38.41,0.015,38.404,2.4036,0.0549,15.708,no-snapshot,
8,2026-02-25T10:57:24.163000,0.0,38.41,0.015,38.404,2.4036,0.0549,15.708,no-snapshot,
1,2026-02-25T10:57:24.248000,0.0,38.41,0.015,38.404,2.4036,0.0549,15.708,no-snapshot,
2,2026-02-25T10:57:24.318000,0.0,38.41,0.015,38.404,2.4036,0.0549,15.708,no-snapshot,
3,2026-02-25T10:57:24.389000,0.0,38.41,0.015,38.404,2.4036,0.0549,15.708,no-snapshot,
4,2026-02-25T10:57:24.458000,0.0,38.41,0.015,38.404,2.4036,0.0549,15.708,no-snapshot,
5,2026-02-25T10:57:24.527000,0.0,38.41,0.015,38.404,2.4036,0.0549,15.708,no-snapshot,
6,2026-02-25T10:57:24.595000,0.0,38.41,0.015,38.404,2.4036,0.0549,15.708,no-snapshot,
7,2026-02-25T10:57:24.664000,0.0,38.41,0.015,38.404,2.4036,0.0549,15.708,no-snapshot,
8,2026-02-25T10:57:24.731000,0.0,38.41,0.015,38.404,2.4036,0.0549,15.708,no-snapshot,
1,2026-02-25T10:57:24.828000,0.0,38.41,0.015,38.404,2.4036,0.0549,15.708,no-snapshot,
2,2026-02-25T10:57:24.908000,0.0,38.41,0.015,38.404,2.4036,0.0549,15.708,no-snapshot,
3,2026-02-25T10:57:24.980000,0.0,38.41,0.015,38.404,2.4036,0.0549,15.708,no-snapshot,
4,2026-02-25T10:57:25.047000,0.0,38.41,0.015,38.404,2.4036,0.0549,15.708,no-snapshot,
5,2026-02-25T10:57:25.158000,0.0,38.41,0.015,38.404,2.4036,0.0549,15.708,no-snapshot,
6,2026-02-25T10:57:25.235000,0.0,38.41,0.015,38.404,2.4036,0.0549,15.708,no-snapshot,
7,2026-02-25T10:57:25.308000,0.0,38.41,0.015,38.404,2.4036,0.0549,15.708,no-snapshot,
8,2026-02-25T10:57:25.376000,0.0,38.41,0.015,38.404,2.4036,0.0549,15.708,no-snapshot,
1,2026-02-25T10:57:25.459000,0.0,38.41,0.015,38.404,2.4036,0.0549,15.708,no-snapshot,
2,2026-02-25T10:57:25.528000,0.0,38.41,0.015,38.404,2.4036,0.0549,15.708,no-snapshot,
3,2026-02-25T10:57:25.602000,0.0,38.41,0.015,38.404,2.4036,0.0549,15.708,no-snapshot,
4,2026-02-25T10:57:25.672000,0.0,38.41,0.015,38.404,2.4036,0.0549,15.708,no-snapshot,
5,2026-02-25T10:57:25.743000,0.0,38.41,0.015,38.404,2.4036,0.0549,15.708,no-snapshot,
6,2026-02-25T10:57:25.817000,0.0,38.41,0.015,38.404,2.4036,0.0549,15.708,no-snapshot,
7,2026-02-25T10:57:25.888000,0.0,38.41,0.015,38.404,2.4036,0.0549,15.708,no-snapshot,
8,2026-02-25T10:57:25.970000,0.0,38.41,0.015,38.404,2.4036,0.0549,15.708,no-snapshot,
1,2026-02-25T10:57:26.068000,0.0,38.41,0.015,38.404,2.4036,0.0549,15.708,no-snapshot,
2,2026-02-25T10:57:26.140000,0.0,38.41,0.015,38.404,2.4036,0.0549,15.708,no-snapshot,
3,2026-02-25T10:57:26.208000,0.0,38.41,0.015,38.404,2.4036,0.0549,15.708,no-snapshot,
4,2026-02-25T10:57:26.280000,0.0,38.41,0.015,38.404,2.4036,0.0549,15.708,no-snapshot,
5,2026-02-25T10:57:26.349000,0.0,38.41,0.015,38.404,2.4036,0.0549,15.708,no-snapshot,
6,2026-02-25T10:57:26.420000,0.0,38.41,0.015,38.404,2.4036,0.0549,15.708,no-snapshot,
7,2026-02-25T10:57:26.490000,0.0,38.41,0.015,38.404,2.4036,0.0549,15.708,no-snapshot,
8,2026-02-25T10:57:26.559000,0.0,38.41,0.015,38.404,2.4036,0.0549,15.708,no-snapshot,
1,2026-02-25T10:57:26.644000,0.0,38.41,0.015,38.404,2.4036,0.0549,15.708,no-snapshot,
2,2026-02-25T10:57:26.719000,0.0,38.41,0.015,38.404,2.4036,0.0549,15.708,no-snapshot,
3,2026-02-25T10:57:26.795000,0.0,38.41,0.015,38.404,2.4036,0.0549,15.708,no-snapshot,
4,2026-02-25T10:57:26.865000,0.0,38.41,0.015,38.404,2.4036,0.0549,15.708,no-snapshot,
5,2026-02-25T10:57:26.934000,0.0,38.41,0.015,38.404,2.4036,0.0549,15.708,no-snapshot,
6,2026-02-25T10:57:27.002000,0.0,38.41,0.015,38.404,2.4036,0.0549,15.708,no-snapshot,
7,2026-02-25T10:57:27.073000,0.0,38.41,0.015,38.404,2.4036,0.0549,15.708,no-snapshot,
8,2026-02-25T10:57:27.143000,0.0,38.41,0.015,38.404,2.4036,0.0549,15.708,no-snapshot,
1,2026-02-25T10:57:27.223000,0.0,38.41,0.015,38.404,2.4036,0.0549,15.708,no-snapshot,
2,2026-02-25T10:57:27.296000,0.0,38.41,0.015,38.404,2.4036,0.0549,15.708,no-snapshot,
3,2026-02-25T10:57:27.368000,0.0,38.41,0.015,38.404,2.4036,0.0549,15.708,no-snapshot,
4,2026-02-25T10:57:27.437000,0.0,38.41,0.015,38.404,2.4036,0.0549,15.708,no-snapshot,
5,2026-02-25T10:57:27.507000,0.0,38.41,0.015,38.404,2.4036,0.0549,15.708,no-snapshot,
6,2026-02-25T10:57:27.579000,0.0,38.41,0.015,38.404,2.4036,0.0549,15.708,no-snapshot,
7,2026-02-25T10:57:27.648000,0.0,38.41,0.015,38.404,2.4036,0.0549,15.708,no-snapshot,
8,2026-02-25T10:57:27.717000,0.0,38.41,0.015,38.404,2.4036,0.0549,15.708,no-snapshot,
1,2026-02-25T10:57:27.842000,0.0,38.41,0.015,38.404,2.4036,0.0549,15.708,no-snapshot,
2,2026-02-25T10:57:27.918000,0.0,38.41,0.015,38.404,2.4036,0.0549,15.708,no-snapshot,
3,2026-02-25T10:57:27.988000,0.0,38.41,0.015,38.404,2.4036,0.0549,15.708,no-snapshot,
4,2026-02-25T10:57:28.066000,0.0,38.41,0.015,38.404,2.4036,0.0549,15.708,no-snapshot,
5,2026-02-25T10:57:28.156000,0.0,38.41,0.015,38.404,2.4036,0.0549,15.708,no-snapshot,
6,2026-02-25T10:57:28.227000,0.0,38.41,0.015,38.404,2.4036,0.0549,15.708,no-snapshot,
7,2026-02-25T10:57:28.298000,0.0,38.41,0.015,38.404,2.4036,0.0549,15.708,no-snapshot,
8,2026-02-25T10:57:28.373000,0.0,38.41,0.015,38.404,2.4036,0.0549,15.708,no-snapshot,
1,2026-02-25T10:57:28.456000,0.0,38.41,0.015,38.404,2.4036,0.0549,15.708,no-snapshot,
2,2026-02-25T10:57:28.525000,0.0,38.41,0.015,38.404,2.4036,0.0549,15.708,no-snapshot,
3,2026-02-25T10:57:28.597000,0.0,38.41,0.015,38.404,2.4036,0.0549,15.708,no-snapshot,
4,2026-02-25T10:57:28.666000,0.0,38.41,0.015,38.404,2.4036,0.0549,15.708,no-snapshot,
5,2026-02-25T10:57:28.738000,0.0,38.41,0.015,38.404,2.4036,0.0549,15.708,no-snapshot,
6,2026-02-25T10:57:28.806000,0.0,38.41,0.015,38.404,2.4036,0.0549,15.708,no-snapshot,
7,2026-02-25T10:57:28.875000,0.0,38.41,0.015,38.404,2.4036,0.0549,15.708,no-snapshot,
8,2026-02-25T10:57:28.943000,0.0,38.41,0.015,38.404,2.4036,0.0549,15.708,no-snapshot,
1,2026-02-25T10:57:29.027000,0.0,38.41,0.015,38.404,2.4036,0.0549,15.708,no-snapshot,
2,2026-02-25T10:57:29.096000,0.0,38.41,0.015,38.404,2.4036,0.0549,15.708,no-snapshot,
3,2026-02-25T10:57:29.166000,0.0,38.41,0.015,38.404,2.4036,0.0549,15.708,no-snapshot,
4,2026-02-25T10:57:29.235000,0.0,38.41,0.015,38.404,2.4036,0.0549,15.708,no-snapshot,
5,2026-02-25T10:57:29.302000,0.0,38.41,0.015,38.404,2.4036,0.0549,15.708,no-snapshot,
6,2026-02-25T10:57:29.372000,0.0,38.41,0.015,38.404,2.4036,0.0549,15.708,no-snapshot,
7,2026-02-25T10:57:29.446000,0.0,38.41,0.015,38.404,2.4036,0.0549,15.708,no-snapshot,
8,2026-02-25T10:57:29.516000,0.0,38.41,0.015,38.404,2.4036,0.0549,15.708,no-snapshot,
1,2026-02-25T10:57:29.596000,0.0,38.41,0.015,38.404,2.4036,0.0549,15.708,no-snapshot,
2,2026-02-25T10:57:29.667000,0.0,38.41,0.015,38.404,2.4036,0.0549,15.708,no-snapshot,
3,2026-02-25T10:57:29.736000,0.0,38.41,0.015,38.404,2.4036,0.0549,15.708,no-snapshot,
4,2026-02-25T10:57:29.805000,0.0,38.41,0.015,38.404,2.4036,0.0549,15.708,no-snapshot,
5,2026-02-25T10:57:29.875000,0.0,38.41,0.015,38.404,2.4036,0.0549,15.708,no-snapshot,
6,2026-02-25T10:57:29.944000,0.0,38.41,0.015,38.404,2.4036,0.0549,15.708,no-snapshot,
7,2026-02-25T10:57:30.015000,0.0,38.41,0.015,38.404,2.4036,0.0549,15.708,no-snapshot,
8,2026-02-25T10:57:30.084000,0.0,38.41,0.015,38.404,2.4036,0.0549,15.708,no-snapshot,
1,2026-02-25T10:57:30.189000,0.0,38.41,0.015,38.404,2.4036,0.0549,15.708,no-snapshot,
2,2026-02-25T10:57:30.264000,0.0,38.41,0.015,38.404,2.4036,0.0549,15.708,no-snapshot,
3,2026-02-25T10:57:30.382000,0.0,38.41,0.015,38.404,2.4036,0.0549,15.708,no-snapshot,
4,2026-02-25T10:57:30.464000,0.0,38.41,0.015,38.404,2.4036,0.0549,15.708,no-snapshot,
5,2026-02-25T10:57:30.536000,0.0,38.41,0.015,38.404,2.4036,0.0549,15.708,no-snapshot,
6,2026-02-25T10:57:30.608000,0.0,38.41,0.015,38.404,2.4036,0.0549,15.708,no-snapshot,
7,2026-02-25T10:57:30.678000,0.0,38.41,0.015,38.404,2.4036,0.0549,15.708,no-snapshot,
8,2026-02-25T10:57:30.749000,0.0,38.41,0.015,38.404,2.4036,0.0549,15.708,no-snapshot,
1,2026-02-25T10:57:30.838000,0.0,38.41,0.015,38.404,2.4036,0.0549,15.708,no-snapshot,
2,2026-02-25T10:57:30.908000,0.0,38.41,0.015,38.404,2.4036,0.0549,15.708,no-snapshot,
3,2026-02-25T10:57:30.979000,0.0,38.41,0.015,38.404,2.4036,0.0549,15.708,no-snapshot,
4,2026-02-25T10:57:31.054000,0.0,38.41,0.015,38.404,2.4036,0.0549,15.708,no-snapshot,
5,2026-02-25T10:57:31.131000,0.0,38.41,0.015,38.404,2.4036,0.0549,15.708,no-snapshot,
6,2026-02-25T10:57:31.214000,0.0,38.41,0.015,38.404,2.4036,0.0549,15.708,no-snapshot,
7,2026-02-25T10:57:31.292000,0.0,38.41,0.015,38.404,2.4036,0.0549,15.708,no-snapshot,
8,2026-02-25T10:57:31.369000,0.0,38.41,0.015,38.404,2.4036,0.0549,15.708,no-snapshot,
1,2026-02-25T10:57:31.474000,0.0,38.41,0.015,38.404,2.4036,0.0549,15.708,no-snapshot,
2,2026-02-25T10:57:31.559000,0.0,38.41,0.015,38.404,2.4036,0.0549,15.708,no-snapshot,
3,2026-02-25T10:57:31.635000,0.0,38.41,0.015,38.404,2.4036,0.0549,15.708,no-snapshot,
4,2026-02-25T10:57:31.705000,0.0,38.41,0.015,38.404,2.4036,0.0549,15.708,no-snapshot,
5,2026-02-25T10:57:31.777000,0.0,38.41,0.015,38.404,2.4036,0.0549,15.708,no-snapshot,
6,2026-02-25T10:57:31.848000,0.0,38.41,0.015,38.404,2.4036,0.0549,15.708,no-snapshot,
7,2026-02-25T10:57:31.918000,0.0,38.41,0.015,38.404,2.4036,0.0549,15.708,no-snapshot,
8,2026-02-25T10:57:31.989000,0.0,38.41,0.015,38.404,2.4036,0.0549,15.708,no-snapshot,
1,2026-02-25T10:57:32.075000,0.0,38.41,0.015,38.404,2.4036,0.0549,15.708,no-snapshot,
2,2026-02-25T10:57:32.145000,0.0,38.41,0.015,38.404,2.4036,0.0549,15.708,no-snapshot,
3,2026-02-25T10:57:32.217000,0.0,38.41,0.015,38.404,2.4036,0.0549,15.708,no-snapshot,
4,2026-02-25T10:57:32.316000,0.0,38.41,0.015,38.404,2.4036,0.0549,15.708,no-snapshot,
5,2026-02-25T10:57:32.385000,0.0,38.41,0.015,38.404,2.4036,0.0549,15.708,no-snapshot,
6,2026-02-25T10:57:32.458000,0.0,38.41,0.015,38.404,2.4036,0.0549,15.708,no-snapshot,
7,2026-02-25T10:57:32.530000,0.0,38.41,0.015,38.404,2.4036,0.0549,15.708,no-snapshot,
8,2026-02-25T10:57:32.601000,0.0,38.41,0.015,38.404,2.4036,0.0549,15.708,no-snapshot,
1,2026-02-25T10:57:32.709000,0.0,38.41,0.015,38.404,2.4036,0.0549,15.708,no-snapshot,
2,2026-02-25T10:57:32.822000,0.0,38.41,0.015,38.404,2.4036,0.0549,15.708,no-snapshot,
3,2026-02-25T10:57:32.909000,0.0,38.41,0.015,38.404,2.4036,0.0549,15.708,no-snapshot,
4,2026-02-25T10:57:32.987000,0.0,38.41,0.015,38.404,2.4036,0.0549,15.708,no-snapshot,
5,2026-02-25T10:57:33.096000,0.0,38.41,0.015,38.404,2.4036,0.0549,15.708,no-snapshot,
6,2026-02-25T10:57:33.180000,0.0,38.41,0.015,38.404,2.4036,0.0549,15.708,no-snapshot,
7,2026-02-25T10:57:33.247000,0.0,38.41,0.015,38.404,2.4036,0.0549,15.708,no-snapshot,
8,2026-02-25T10:57:33.319000,0.0,38.41,0.015,38.404,2.4036,0.0549,15.708,no-snapshot,
1,2026-02-25T10:57:33.441000,0.0,38.41,0.015,38.404,2.4036,0.0549,15.708,no-snapshot,
2,2026-02-25T10:57:33.514000,0.0,38.41,0.015,38.404,2.4036,0.0549,15.708,no-snapshot,
3,2026-02-25T10:57:33.589000,0.0,38.41,0.015,38.404,2.4036,0.0549,15.708,no-snapshot,
4,2026-02-25T10:57:33.662000,0.0,38.41,0.015,38.404,2.4036,0.0549,15.708,no-snapshot,
5,2026-02-25T10:57:33.763000,0.0,38.41,0.015,38.404,2.4036,0.0549,15.708,no-snapshot,
6,2026-02-25T10:57:33.853000,0.0,38.41,0.015,38.404,2.4036,0.0549,15.708,no-snapshot,
7,2026-02-25T10:57:33.924000,0.0,38.41,0.015,38.404,2.4036,0.0549,15.708,no-snapshot,
8,2026-02-25T10:57:33.993000,0.0,38.41,0.015,38.404,2.4036,0.0549,15.708,no-snapshot,
1,2026-02-25T10:57:34.078000,0.0,38.41,0.015,38.404,2.4036,0.0549,15.708,no-snapshot,
2,2026-02-25T10:57:34.149000,0.0,38.41,0.015,38.404,2.4036,0.0549,15.708,no-snapshot,
3,2026-02-25T10:57:34.218000,0.0,38.41,0.015,38.404,2.4036,0.0549,15.708,no-snapshot,
4,2026-02-25T10:57:34.290000,0.0,38.41,0.015,38.404,2.4036,0.0549,15.708,no-snapshot,
5,2026-02-25T10:57:34.386000,0.0,38.41,0.015,38.404,2.4036,0.0549,15.708,no-snapshot,
6,2026-02-25T10:57:34.466000,0.0,38.41,0.015,38.404,2.4036,0.0549,15.708,no-snapshot,
7,2026-02-25T10:57:34.535000,0.0,38.41,0.015,38.404,2.4036,0.0549,15.708,no-snapshot,
8,2026-02-25T10:57:34.609000,0.0,38.41,0.015,38.404,2.4036,0.0549,15.708,no-snapshot,
1,2026-02-25T10:57:34.691000,0.0,38.41,0.015,38.404,2.4036,0.0549,15.708,no-snapshot,
2,2026-02-25T10:57:34.761000,0.0,38.41,0.015,38.404,2.4036,0.0549,15.708,no-snapshot,
3,2026-02-25T10:57:34.853000,0.0,38.41,0.015,38.404,2.4036,0.0549,15.708,no-snapshot,
4,2026-02-25T10:57:34.932000,0.0,38.41,0.015,38.404,2.4036,0.0549,15.708,no-snapshot,
5,2026-02-25T10:57:35,0.0,38.41,0.015,38.404,2.4036,0.0549,15.708,no-snapshot,
6,2026-02-25T10:57:35.074000,0.0,38.41,0.015,38.404,2.4036,0.0549,15.708,no-snapshot,
7,2026-02-25T10:57:35.144000,0.0,38.41,0.015,38.404,2.4036,0.0549,15.708,no-snapshot,
8,2026-02-25T10:57:35.215000,0.0,38.41,0.015,38.404,2.4036,0.0549,15.708,no-snapshot,
1,2026-02-25T10:57:35.300000,0.0,38.41,0.015,38.404,2.4036,0.0549,15.708,no-snapshot,
2,2026-02-25T10:57:35.370000,0.0,38.41,0.015,38.404,2.4036,0.0549,15.708,no-snapshot,
3,2026-02-25T10:57:35.441000,0.0,38.41,0.015,38.404,2.4036,0.0549,15.708,no-snapshot,
4,2026-02-25T10:57:35.515000,0.0,38.41,0.015,38.404,2.4036,0.0549,15.708,no-snapshot,
5,2026-02-25T10:57:35.586000,0.0,38.41,0.015,38.404,2.4036,0.0549,15.708,no-snapshot,
6,2026-02-25T10:57:35.656000,0.0,38.41,0.015,38.404,2.4036,0.0549,15.708,no-snapshot,
7,2026-02-25T10:57:35.726000,0.0,38.41,0.015,38.404,2.4036,0.0549,15.708,no-snapshot,
8,2026-02-25T10:57:35.808000,0.0,38.41,0.015,38.404,2.4036,0.0549,15.708,no-snapshot,
1,2026-02-25T10:57:35.895000,0.0,38.41,0.015,38.404,2.4036,0.0549,15.708,no-snapshot,
2,2026-02-25T10:57:35.967000,0.0,38.41,0.015,38.404,2.4036,0.0549,15.708,no-snapshot,
3,2026-02-25T10:57:36.039000,0.0,38.41,0.015,38.404,2.4036,0.0549,15.708,no-snapshot,
4,2026-02-25T10:57:36.110000,0.0,38.41,0.015,38.404,2.4036,0.0549,15.708,no-snapshot,
5,2026-02-25T10:57:36.181000,0.0,38.41,0.015,38.404,2.4036,0.0549,15.708,no-snapshot,
6,2026-02-25T10:57:36.266000,0.0,38.41,0.015,38.404,2.4036,0.0549,15.708,no-snapshot,
7,2026-02-25T10:57:36.364000,0.0,38.41,0.015,38.404,2.4036,0.0549,15.708,no-snapshot,
8,2026-02-25T10:57:36.451000,0.0,38.41,0.015,38.404,2.4036,0.0549,15.708,no-snapshot,
1,2026-02-25T10:57:36.552000,0.0,38.41,0.015,38.404,2.4036,0.0549,15.708,no-snapshot,
2,2026-02-25T10:57:36.677000,0.0,38.41,0.015,38.404,2.4036,0.0549,15.708,no-snapshot,
3,2026-02-25T10:57:36.746000,0.0,38.41,0.015,38.404,2.4036,0.0549,15.708,no-snapshot,
4,2026-02-25T10:57:36.824000,0.0,38.41,0.015,38.404,2.4036,0.0549,15.708,no-snapshot,
5,2026-02-25T10:57:36.904000,0.0,38.41,0.015,38.404,2.4036,0.0549,15.708,no-snapshot,
6,2026-02-25T10:57:36.973000,0.0,38.41,0.015,38.404,2.4036,0.0549,15.708,no-snapshot,
7,2026-02-25T10:57:37.046000,0.0,38.41,0.015,38.404,2.4036,0.0549,15.708,no-snapshot,
8,2026-02-25T10:57:37.114000,0.0,38.41,0.015,38.404,2.4036,0.0549,15.708,no-snapshot,
1,2026-02-25T10:57:37.197000,0.0,38.41,0.015,38.404,2.4036,0.0549,15.708,no-snapshot,
2,2026-02-25T10:57:37.268000,0.0,38.41,0.015,38.404,2.4036,0.0549,15.708,no-snapshot,
3,2026-02-25T10:57:37.343000,0.0,38.41,0.015,38.404,2.4036,0.0549,15.708,no-snapshot,
4,2026-02-25T10:57:37.415000,0.0,38.41,0.015,38.404,2.4036,0.0549,15.708,no-snapshot,
5,2026-02-25T10:57:37.485000,0.0,38.41,0.015,38.404,2.4036,0.0549,15.708,no-snapshot,
6,2026-02-25T10:57:37.556000,0.0,38.41,0.015,38.404,2.4036,0.0549,15.708,no-snapshot,
7,2026-02-25T10:57:37.625000,0.0,38.41,0.015,38.404,2.4036,0.0549,15.708,no-snapshot,
8,2026-02-25T10:57:37.699000,0.0,38.41,0.015,38.404,2.4036,0.0549,15.708,no-snapshot,
1,2026-02-25T10:57:37.780000,0.0,38.41,0.015,38.404,2.4036,0.0549,15.708,no-snapshot,
2,2026-02-25T10:57:37.851000,0.0,38.41,0.015,38.404,2.4036,0.0549,15.708,no-snapshot,
3,2026-02-25T10:57:37.925000,0.0,38.41,0.015,38.404,2.4036,0.0549,15.708,no-snapshot,
4,2026-02-25T10:57:37.996000,0.0,38.41,0.015,38.404,2.4036,0.0549,15.708,no-snapshot,
5,2026-02-25T10:57:38.070000,0.0,38.41,0.015,38.404,2.4036,0.0549,15.708,no-snapshot,
6,2026-02-25T10:57:38.143000,0.0,38.41,0.015,38.404,2.4036,0.0549,15.708,no-snapshot,
7,2026-02-25T10:57:38.214000,0.0,38.41,0.015,38.404,2.4036,0.0549,15.708,no-snapshot,
8,2026-02-25T10:57:38.284000,0.0,38.41,0.015,38.404,2.4036,0.0549,15.708,no-snapshot,
1,2026-02-25T10:57:38.366000,0.0,38.41,0.015,38.404,2.4036,0.0549,15.708,no-snapshot,
2,2026-02-25T10:57:38.436000,0.0,38.41,0.015,38.404,2.4036,0.0549,15.708,no-snapshot,
3,2026-02-25T10:57:38.513000,0.0,38.41,0.015,38.404,2.4036,0.0549,15.708,no-snapshot,
4,2026-02-25T10:57:38.610000,0.0,38.41,0.015,38.404,2.4036,0.0549,15.708,no-snapshot,
5,2026-02-25T10:57:38.682000,0.0,38.41,0.015,38.404,2.4036,0.0549,15.708,no-snapshot,
6,2026-02-25T10:57:38.763000,0.0,38.41,0.015,38.404,2.4036,0.0549,15.708,no-snapshot,
7,2026-02-25T10:57:38.835000,0.0,38.41,0.015,38.404,2.4036,0.0549,15.708,no-snapshot,
8,2026-02-25T10:57:38.903000,0.0,38.41,0.015,38.404,2.4036,0.0549,15.708,no-snapshot,
1,2026-02-25T10:57:38.989000,0.0,38.41,0.015,38.404,2.4036,0.0549,15.708,no-snapshot,
2,2026-02-25T10:57:39.062000,0.0,38.41,0.015,38.404,2.4036,0.0549,15.708,no-snapshot,
3,2026-02-25T10:57:39.133000,0.0,38.41,0.015,38.404,2.4036,0.0549,15.708,no-snapshot,
4,2026-02-25T10:57:39.243000,0.0,38.41,0.015,38.404,2.4036,0.0549,15.708,no-snapshot,
5,2026-02-25T10:57:39.312000,0.0,38.41,0.015,38.404,2.4036,0.0549,15.708,no-snapshot,
6,2026-02-25T10:57:39.382000,0.0,38.41,0.015,38.404,2.4036,0.0549,15.708,no-snapshot,
7,2026-02-25T10:57:39.453000,0.0,38.41,0.015,38.404,2.4036,0.0549,15.708,no-snapshot,
8,2026-02-25T10:57:39.523000,0.0,38.41,0.015,38.404,2.4036,0.0549,15.708,no-snapshot,
1,2026-02-25T10:57:39.606000,0.0,38.41,0.015,38.404,2.4036,0.0549,15.708,no-snapshot,
2,2026-02-25T10:57:39.678000,0.0,38.41,0.015,38.404,2.4036,0.0549,15.708,no-snapshot,
3,2026-02-25T10:57:39.746000,0.0,38.41,0.015,38.404,2.4036,0.0549,15.708,no-snapshot,
4,2026-02-25T10:57:39.857000,0.0,38.41,0.015,38.404,2.4036,0.0549,15.708,no-snapshot,
5,2026-02-25T10:57:39.955000,0.0,38.41,0.015,38.404,2.4036,0.0549,15.708,no-snapshot,
6,2026-02-25T10:57:40.044000,0.0,38.41,0.015,38.404,2.4036,0.0549,15.708,no-snapshot,
7,2026-02-25T10:57:40.128000,0.0,38.41,0.015,38.404,2.4036,0.0549,15.708,no-snapshot,
8,2026-02-25T10:57:40.224000,0.0,38.41,0.015,38.404,2.4036,0.0549,15.708,no-snapshot,
1,2026-02-25T10:57:40.315000,0.0,38.41,0.015,38.404,2.4036,0.0549,15.708,no-snapshot,
2,2026-02-25T10:57:40.390000,0.0,38.41,0.015,38.404,2.4036,0.0549,15.708,no-snapshot,
3,2026-02-25T10:57:40.477000,0.0,38.41,0.015,38.404,2.4036,0.0549,15.708,no-snapshot,
4,2026-02-25T10:57:40.562000,0.0,38.41,0.015,38.404,2.4036,0.0549,15.708,no-snapshot,
5,2026-02-25T10:57:40.650000,0.0,38.41,0.015,38.404,2.4036,0.0549,15.708,no-snapshot,
6,2026-02-25T10:57:40.733000,0.0,38.41,0.015,38.404,2.4036,0.0549,15.708,no-snapshot,
7,2026-02-25T10:57:40.806000,0.0,38.41,0.015,38.404,2.4036,0.0549,15.708,no-snapshot,
8,2026-02-25T10:57:40.878000,0.0,38.41,0.015,38.404,2.4036,0.0549,15.708,no-snapshot,
1,2026-02-25T10:57:40.963000,0.0,38.41,0.015,38.404,2.4036,0.0549,15.708,no-snapshot,
2,2026-02-25T10:57:41.034000,0.0,38.41,0.015,38.404,2.4036,0.0549,15.708,no-snapshot,
3,2026-02-25T10:57:41.106000,0.0,38.41,0.015,38.404,2.4036,0.0549,15.708,no-snapshot,
4,2026-02-25T10:57:41.181000,0.0,38.41,0.015,38.404,2.4036,0.0549,15.708,no-snapshot,
5,2026-02-25T10:57:41.260000,0.0,38.41,0.015,38.404,2.4036,0.0549,15.708,no-snapshot,
6,2026-02-25T10:57:41.343000,0.0,38.41,0.015,38.404,2.4036,0.0549,15.708,no-snapshot,
7,2026-02-25T10:57:41.415000,0.0,38.41,0.015,38.404,2.4036,0.0549,15.708,no-snapshot,
8,2026-02-25T10:57:41.492000,0.0,38.41,0.015,38.404,2.4036,0.0549,15.708,no-snapshot,
1,2026-02-25T10:57:41.588000,0.0,38.41,0.015,38.404,2.4036,0.0549,15.708,no-snapshot,
2,2026-02-25T10:57:41.669000,0.0,38.41,0.015,38.404,2.4036,0.0549,15.708,no-snapshot,
3,2026-02-25T10:57:41.741000,0.0,38.41,0.015,38.404,2.4036,0.0549,15.708,no-snapshot,
4,2026-02-25T10:57:41.811000,0.0,38.41,0.015,38.404,2.4036,0.0549,15.708,no-snapshot,
5,2026-02-25T10:57:41.886000,0.0,38.41,0.015,38.404,2.4036,0.0549,15.708,no-snapshot,
6,2026-02-25T10:57:41.957000,0.0,38.41,0.015,38.404,2.4036,0.0549,15.708,no-snapshot,
7,2026-02-25T10:57:42.029000,0.0,38.41,0.015,38.404,2.4036,0.0549,15.708,no-snapshot,
8,2026-02-25T10:57:42.102000,0.0,38.41,0.015,38.404,2.4036,0.0549,15.708,no-snapshot,
1,2026-02-25T10:57:42.183000,0.0,38.41,0.015,38.404,2.4036,0.0549,15.708,no-snapshot,
2,2026-02-25T10:57:42.257000,0.0,38.41,0.015,38.404,2.4036,0.0549,15.708,no-snapshot,
3,2026-02-25T10:57:42.331000,0.0,38.41,0.015,38.404,2.4036,0.0549,15.708,no-snapshot,
4,2026-02-25T10:57:42.398000,0.0,38.41,0.015,38.404,2.4036,0.0549,15.708,no-snapshot,
5,2026-02-25T10:57:42.468000,0.0,38.41,0.015,38.404,2.4036,0.0549,15.708,no-snapshot,
6,2026-02-25T10:57:42.538000,0.0,38.41,0.015,38.404,2.4036,0.0549,15.708,no-snapshot,
7,2026-02-25T10:57:42.615000,0.0,38.41,0.015,38.404,2.4036,0.0549,15.708,no-snapshot,
8,2026-02-25T10:57:42.698000,0.0,38.41,0.015,38.404,2.4036,0.0549,15.708,no-snapshot,
1,2026-02-25T10:57:42.841000,0.0,38.41,0.015,38.404,2.4036,0.0549,15.708,no-snapshot,
2,2026-02-25T10:57:42.910000,0.0,38.41,0.015,38.404,2.4036,0.0549,15.708,no-snapshot,
3,2026-02-25T10:57:42.982000,0.0,38.41,0.015,38.404,2.4036,0.0549,15.708,no-snapshot,
4,2026-02-25T10:57:43.054000,0.0,38.41,0.015,38.404,2.4036,0.0549,15.708,no-snapshot,
5,2026-02-25T10:57:43.122000,0.0,38.41,0.015,38.404,2.4036,0.0549,15.708,no-snapshot,
6,2026-02-25T10:57:43.246000,0.0,38.41,0.015,38.404,2.4036,0.0549,15.708,no-snapshot,
7,2026-02-25T10:57:43.338000,0.0,38.41,0.015,38.404,2.4036,0.0549,15.708,no-snapshot,
8,2026-02-25T10:57:43.448000,0.0,38.41,0.015,38.404,2.4036,0.0549,15.708,no-snapshot,
1,2026-02-25T10:57:43.550000,0.0,38.41,0.015,38.404,2.4036,0.0549,15.708,no-snapshot,
2,2026-02-25T10:57:43.622000,0.0,38.41,0.015,38.404,2.4036,0.0549,15.708,no-snapshot,
3,2026-02-25T10:57:43.701000,0.0,38.41,0.015,38.404,2.4036,0.0549,15.708,no-snapshot,
4,2026-02-25T10:57:43.814000,0.0,38.41,0.015,38.404,2.4036,0.0549,15.708,no-snapshot,
5,2026-02-25T10:57:43.890000,0.0,38.41,0.015,38.404,2.4036,0.0549,15.708,no-snapshot,
6,2026-02-25T10:57:43.986000,0.0,38.41,0.015,38.404,2.4036,0.0549,15.708,no-snapshot,
7,2026-02-25T10:57:44.071000,0.0,38.41,0.015,38.404,2.4036,0.0549,15.708,no-snapshot,
8,2026-02-25T10:57:44.142000,0.0,38.41,0.015,38.404,2.4036,0.0549,15.708,no-snapshot,
1,2026-02-25T10:57:44.230000,0.0,38.41,0.015,38.404,2.4036,0.0549,15.708,no-snapshot,
2,2026-02-25T10:57:44.302000,0.0,38.41,0.015,38.404,2.4036,0.0549,15.708,no-snapshot,
3,2026-02-25T10:57:44.372000,0.0,38.41,0.015,38.404,2.4036,0.0549,15.708,no-snapshot,
4,2026-02-25T10:57:44.446000,0.0,38.41,0.015,38.404,2.4036,0.0549,15.708,no-snapshot,
5,2026-02-25T10:57:44.515000,0.0,38.41,0.015,38.404,2.4036,0.0549,15.708,no-snapshot,
6,2026-02-25T10:57:44.585000,0.0,38.41,0.015,38.404,2.4036,0.0549,15.708,no-snapshot,
7,2026-02-25T10:57:44.660000,0.0,38.41,0.015,38.404,2.4036,0.0549,15.708,no-snapshot,
8,2026-02-25T10:57:44.728000,0.0,38.41,0.015,38.404,2.4036,0.0549,15.708,no-snapshot,
1,2026-02-25T10:57:44.827000,0.0,38.41,0.015,38.404,2.4036,0.0549,15.708,no-snapshot,
2,2026-02-25T10:57:44.939000,0.0,38.41,0.015,38.404,2.4036,0.0549,15.708,no-snapshot,
3,2026-02-25T10:57:45.028000,0.0,38.41,0.015,38.404,2.4036,0.0549,15.708,no-snapshot,
4,2026-02-25T10:57:45.096000,0.0,38.41,0.015,38.404,2.4036,0.0549,15.708,no-snapshot,
5,2026-02-25T10:57:45.167000,0.0,38.41,0.015,38.404,2.4036,0.0549,15.708,no-snapshot,
6,2026-02-25T10:57:45.237000,0.0,38.41,0.015,38.404,2.4036,0.0549,15.708,no-snapshot,
7,2026-02-25T10:57:45.309000,0.0,38.41,0.015,38.404,2.4036,0.0549,15.708,no-snapshot,
8,2026-02-25T10:57:45.381000,0.0,38.41,0.015,38.404,2.4036,0.0549,15.708,no-snapshot,
1,2026-02-25T10:57:45.465000,0.0,38.41,0.015,38.404,2.4036,0.0549,15.708,no-snapshot,
2,2026-02-25T10:57:45.535000,0.0,38.41,0.015,38.404,2.4036,0.0549,15.708,no-snapshot,
3,2026-02-25T10:57:45.606000,0.0,38.41,0.015,38.404,2.4036,0.0549,15.708,no-snapshot,
4,2026-02-25T10:57:45.678000,0.0,38.41,0.015,38.404,2.4036,0.0549,15.708,no-snapshot,
5,2026-02-25T10:57:45.750000,0.0,38.41,0.015,38.404,2.4036,0.0549,15.708,no-snapshot,
6,2026-02-25T10:57:45.829000,0.0,38.41,0.015,38.404,2.4036,0.0549,15.708,no-snapshot,
7,2026-02-25T10:57:45.901000,0.0,38.41,0.015,38.404,2.4036,0.0549,15.708,no-snapshot,
8,2026-02-25T10:57:45.968000,0.0,38.41,0.015,38.404,2.4036,0.0549,15.708,no-snapshot,
1,2026-02-25T10:57:46.055000,0.0,38.41,0.015,38.404,2.4036,0.0549,15.708,no-snapshot,
2,2026-02-25T10:57:46.123000,0.0,38.41,0.015,38.404,2.4036,0.0549,15.708,no-snapshot,
3,2026-02-25T10:57:46.193000,0.0,38.41,0.015,38.404,2.4036,0.0549,15.708,no-snapshot,
4,2026-02-25T10:57:46.262000,0.0,38.41,0.015,38.404,2.4036,0.0549,15.708,no-snapshot,
5,2026-02-25T10:57:46.332000,0.0,38.41,0.015,38.404,2.4036,0.0549,15.708,no-snapshot,
6,2026-02-25T10:57:46.408000,0.0,38.41,0.015,38.404,2.4036,0.0549,15.708,no-snapshot,
7,2026-02-25T10:57:46.517000,0.0,38.41,0.015,38.404,2.4036,0.0549,15.708,no-snapshot,
8,2026-02-25T10:57:46.582000,0.0,38.41,0.015,38.404,2.4036,0.0549,15.708,no-snapshot,
1,2026-02-25T10:57:46.662000,0.0,38.41,0.015,38.404,2.4036,0.0549,15.708,no-snapshot,
2,2026-02-25T10:57:46.734000,0.0,38.41,0.015,38.404,2.4036,0.0549,15.708,no-snapshot,
3,2026-02-25T10:57:46.804000,0.0,38.41,0.015,38.404,2.4036,0.0549,15.708,no-snapshot,
4,2026-02-25T10:57:46.874000,0.0,38.41,0.015,38.404,2.4036,0.0549,15.708,no-snapshot,
5,2026-02-25T10:57:46.961000,0.0,38.41,0.015,38.404,2.4036,0.0549,15.708,no-snapshot,
6,2026-02-25T10:57:47.048000,0.0,38.41,0.015,38.404,2.4036,0.0549,15.708,no-snapshot,
7,2026-02-25T10:57:47.116000,0.0,38.41,0.015,38.404,2.4036,0.0549,15.708,no-snapshot,
8,2026-02-25T10:57:47.182000,0.0,38.41,0.015,38.404,2.4036,0.0549,15.708,no-snapshot,
1,2026-02-25T10:57:47.263000,0.0,38.41,0.015,38.404,2.4036,0.0549,15.708,no-snapshot,
2,2026-02-25T10:57:47.333000,0.0,38.41,0.015,38.404,2.4036,0.0549,15.708,no-snapshot,
3,2026-02-25T10:57:47.398000,0.0,38.41,0.015,38.404,2.4036,0.0549,15.708,no-snapshot,
4,2026-02-25T10:57:47.466000,0.0,38.41,0.015,38.404,2.4036,0.0549,15.708,no-snapshot,
5,2026-02-25T10:57:47.538000,0.0,38.41,0.015,38.404,2.4036,0.0549,15.708,no-snapshot,
6,2026-02-25T10:57:47.608000,0.0,38.41,0.015,38.404,2.4036,0.0549,15.708,no-snapshot,
7,2026-02-25T10:57:47.680000,0.0,38.41,0.015,38.404,2.4036,0.0549,15.708,no-snapshot,
8,2026-02-25T10:57:47.751000,0.0,38.41,0.015,38.404,2.4036,0.0549,15.708,no-snapshot,
1,2026-02-25T10:57:47.838000,0.0,38.41,0.015,38.404,2.4036,0.0549,15.708,no-snapshot,
2,2026-02-25T10:57:47.909000,0.0,38.41,0.015,38.404,2.4036,0.0549,15.708,no-snapshot,
3,2026-02-25T10:57:47.980000,0.0,38.41,0.015,38.404,2.4036,0.0549,15.708,no-snapshot,
4,2026-02-25T10:57:48.053000,0.0,38.41,0.015,38.404,2.4036,0.0549,15.708,no-snapshot,
5,2026-02-25T10:57:48.122000,0.0,38.41,0.015,38.404,2.4036,0.0549,15.708,no-snapshot,
6,2026-02-25T10:57:48.193000,0.0,38.41,0.015,38.404,2.4036,0.0549,15.708,no-snapshot,
7,2026-02-25T10:57:48.261000,0.0,38.41,0.015,38.404,2.4036,0.0549,15.708,no-snapshot,
8,2026-02-25T10:57:48.329000,0.0,38.41,0.015,38.404,2.4036,0.0549,15.708,no-snapshot,
1,2026-02-25T10:57:48.412000,0.0,38.41,0.015,38.404,2.4036,0.0549,15.708,no-snapshot,
2,2026-02-25T10:57:48.481000,0.0,38.41,0.015,38.404,2.4036,0.0549,15.708,no-snapshot,
3,2026-02-25T10:57:48.549000,0.0,38.41,0.015,38.404,2.4036,0.0549,15.708,no-snapshot,
4,2026-02-25T10:57:48.618000,0.0,38.41,0.015,38.404,2.4036,0.0549,15.708,no-snapshot,
5,2026-02-25T10:57:48.691000,0.0,38.41,0.015,38.404,2.4036,0.0549,15.708,no-snapshot,
6,2026-02-25T10:57:48.771000,0.0,38.41,0.015,38.404,2.4036,0.0549,15.708,no-snapshot,
7,2026-02-25T10:57:48.838000,0.0,38.41,0.015,38.404,2.4036,0.0549,15.708,no-snapshot,
8,2026-02-25T10:57:48.904000,0.0,38.41,0.015,38.404,2.4036,0.0549,15.708,no-snapshot,
1,2026-02-25T10:57:48.985000,0.0,38.41,0.015,38.404,2.4036,0.0549,15.708,no-snapshot,
2,2026-02-25T10:57:49.067000,0.0,38.41,0.015,38.404,2.4036,0.0549,15.708,no-snapshot,
3,2026-02-25T10:57:49.149000,0.0,38.41,0.015,38.404,2.4036,0.0549,15.708,no-snapshot,
4,2026-02-25T10:57:49.215000,0.0,38.41,0.015,38.404,2.4036,0.0549,15.708,no-snapshot,
5,2026-02-25T10:57:49.281000,0.0,38.41,0.015,38.404,2.4036,0.0549,15.708,no-snapshot,
6,2026-02-25T10:57:49.393000,0.0,38.41,0.015,38.404,2.4036,0.0549,15.708,no-snapshot,
7,2026-02-25T10:57:49.462000,0.0,38.41,0.015,38.404,2.4036,0.0549,15.708,no-snapshot,
8,2026-02-25T10:57:49.530000,0.0,38.41,0.015,38.404,2.4036,0.0549,15.708,no-snapshot,
1,2026-02-25T10:57:49.609000,0.0,38.41,0.015,38.404,2.4036,0.0549,15.708,no-snapshot,
2,2026-02-25T10:57:49.677000,0.0,38.41,0.015,38.404,2.4036,0.0549,15.708,no-snapshot,
3,2026-02-25T10:57:49.746000,0.0,38.41,0.015,38.404,2.4036,0.0549,15.708,no-snapshot,
4,2026-02-25T10:57:49.812000,0.0,38.41,0.015,38.404,2.4036,0.0549,15.708,no-snapshot,
5,2026-02-25T10:57:49.879000,0.0,38.41,0.015,38.404,2.4036,0.0549,15.708,no-snapshot,
6,2026-02-25T10:57:49.946000,0.0,38.41,0.015,38.404,2.4036,0.0549,15.708,no-snapshot,
7,2026-02-25T10:57:50.015000,0.0,38.41,0.015,38.404,2.4036,0.0549,15.708,no-snapshot,
8,2026-02-25T10:57:50.088000,0.0,38.41,0.015,38.404,2.4036,0.0549,15.708,no-snapshot,
1,2026-02-25T10:57:50.170000,0.0,38.41,0.015,38.404,2.4036,0.0549,15.708,no-snapshot,
2,2026-02-25T10:57:50.247000,0.0,38.41,0.015,38.404,2.4036,0.0549,15.708,no-snapshot,
3,2026-02-25T10:57:50.325000,0.0,38.41,0.015,38.404,2.4036,0.0549,15.708,no-snapshot,
4,2026-02-25T10:57:50.393000,0.0,38.41,0.015,38.404,2.4036,0.0549,15.708,no-snapshot,
5,2026-02-25T10:57:50.459000,0.0,38.41,0.015,38.404,2.4036,0.0549,15.708,no-snapshot,
6,2026-02-25T10:57:50.524000,0.0,38.41,0.015,38.404,2.4036,0.0549,15.708,no-snapshot,
7,2026-02-25T10:57:50.591000,0.0,38.41,0.015,38.404,2.4036,0.0549,15.708,no-snapshot,
8,2026-02-25T10:57:50.661000,0.0,38.41,0.015,38.404,2.4036,0.0549,15.708,no-snapshot,
1,2026-02-25T10:57:50.747000,0.0,38.41,0.015,38.404,2.4036,0.0549,15.708,no-snapshot,
2,2026-02-25T10:57:50.818000,0.0,38.41,0.015,38.404,2.4036,0.0549,15.708,no-snapshot,
3,2026-02-25T10:57:50.887000,0.0,38.41,0.015,38.404,2.4036,0.0549,15.708,no-snapshot,
4,2026-02-25T10:57:50.953000,0.0,38.41,0.015,38.404,2.4036,0.0549,15.708,no-snapshot,
5,2026-02-25T10:57:51.029000,0.0,38.41,0.015,38.404,2.4036,0.0549,15.708,no-snapshot,
6,2026-02-25T10:57:51.099000,0.0,38.41,0.015,38.404,2.4036,0.0549,15.708,no-snapshot,
7,2026-02-25T10:57:51.188000,0.0,38.41,0.015,38.404,2.4036,0.0549,15.708,no-snapshot,
8,2026-02-25T10:57:51.260000,0.0,38.41,0.015,38.404,2.4036,0.0549,15.708,no-snapshot,
1,2026-02-25T10:57:51.337000,0.0,38.41,0.015,38.404,2.4036,0.0549,15.708,no-snapshot,
2,2026-02-25T10:57:51.407000,0.0,38.41,0.015,38.404,2.4036,0.0549,15.708,no-snapshot,
3,2026-02-25T10:57:51.477000,0.0,38.41,0.015,38.404,2.4036,0.0549,15.708,no-snapshot,
4,2026-02-25T10:57:51.549000,0.0,38.41,0.015,38.404,2.4036,0.0549,15.708,no-snapshot,
5,2026-02-25T10:57:51.614000,0.0,38.41,0.015,38.404,2.4036,0.0549,15.708,no-snapshot,
6,2026-02-25T10:57:51.681000,0.0,38.41,0.015,38.404,2.4036,0.0549,15.708,no-snapshot,
7,2026-02-25T10:57:51.753000,0.0,38.41,0.015,38.404,2.4036,0.0549,15.708,no-snapshot,
8,2026-02-25T10:57:51.822000,0.0,38.41,0.015,38.404,2.4036,0.0549,15.708,no-snapshot,
1,2026-02-25T10:57:51.902000,0.0,38.41,0.015,38.404,2.4036,0.0549,15.708,no-snapshot,
2,2026-02-25T10:57:51.973000,0.0,38.41,0.015,38.404,2.4036,0.0549,15.708,no-snapshot,
3,2026-02-25T10:57:52.046000,0.0,38.41,0.015,38.404,2.4036,0.0549,15.708,no-snapshot,
4,2026-02-25T10:57:52.116000,0.0,38.41,0.015,38.404,2.4036,0.0549,15.708,no-snapshot,
5,2026-02-25T10:57:52.210000,0.0,38.41,0.015,38.404,2.4036,0.0549,15.708,no-snapshot,
6,2026-02-25T10:57:52.301000,0.0,38.41,0.015,38.404,2.4036,0.0549,15.708,no-snapshot,
7,2026-02-25T10:57:52.369000,0.0,38.41,0.015,38.404,2.4036,0.0549,15.708,no-snapshot,
8,2026-02-25T10:57:52.439000,0.0,38.41,0.015,38.404,2.4036,0.0549,15.708,no-snapshot,
1,2026-02-25T10:57:52.519000,0.0,38.41,0.015,38.404,2.4036,0.0549,15.708,no-snapshot,
2,2026-02-25T10:57:52.593000,0.0,38.41,0.015,38.404,2.4036,0.0549,15.708,no-snapshot,
3,2026-02-25T10:57:52.673000,0.0,38.41,0.015,38.404,2.4036,0.0549,15.708,no-snapshot,
4,2026-02-25T10:57:52.775000,0.0,38.41,0.015,38.404,2.4036,0.0549,15.708,no-snapshot,
5,2026-02-25T10:57:52.846000,0.0,38.41,0.015,38.404,2.4036,0.0549,15.708,no-snapshot,
6,2026-02-25T10:57:52.914000,0.0,38.41,0.015,38.404,2.4036,0.0549,15.708,no-snapshot,
7,2026-02-25T10:57:52.987000,0.0,38.41,0.015,38.404,2.4036,0.0549,15.708,no-snapshot,
8,2026-02-25T10:57:53.052000,0.0,38.41,0.015,38.404,2.4036,0.0549,15.708,no-snapshot,
1,2026-02-25T10:57:53.147000,0.0,38.41,0.015,38.404,2.4036,0.0549,15.708,no-snapshot,
2,2026-02-25T10:57:53.213000,0.0,38.41,0.015,38.404,2.4036,0.0549,15.708,no-snapshot,
3,2026-02-25T10:57:53.303000,0.0,38.41,0.015,38.404,2.4036,0.0549,15.708,no-snapshot,
4,2026-02-25T10:57:53.380000,0.0,38.41,0.015,38.404,2.4036,0.0549,15.708,no-snapshot,
5,2026-02-25T10:57:53.474000,0.0,38.41,0.015,38.404,2.4036,0.0549,15.708,no-snapshot,
6,2026-02-25T10:57:53.544000,0.0,38.41,0.015,38.404,2.4036,0.0549,15.708,no-snapshot,
7,2026-02-25T10:57:53.612000,0.0,38.41,0.015,38.404,2.4036,0.0549,15.708,no-snapshot,
8,2026-02-25T10:57:53.676000,0.0,38.41,0.015,38.404,2.4036,0.0549,15.708,no-snapshot,
1,2026-02-25T10:57:53.789000,0.0,38.41,0.015,38.404,2.4036,0.0549,15.708,no-snapshot,
2,2026-02-25T10:57:53.869000,0.0,38.41,0.015,38.404,2.4036,0.0549,15.708,no-snapshot,
3,2026-02-25T10:57:53.934000,0.0,38.41,0.015,38.404,2.4036,0.0549,15.708,no-snapshot,
4,2026-02-25T10:57:54,0.0,38.41,0.015,38.404,2.4036,0.0549,15.708,no-snapshot,
5,2026-02-25T10:57:54.069000,0.0,38.41,0.015,38.404,2.4036,0.0549,15.708,no-snapshot,
6,2026-02-25T10:57:54.136000,0.0,38.41,0.015,38.404,2.4036,0.0549,15.708,no-snapshot,
7,2026-02-25T10:57:54.207000,0.0,38.41,0.015,38.404,2.4036,0.0549,15.708,no-snapshot,
8,2026-02-25T10:57:54.280000,0.0,38.41,0.015,38.404,2.4036,0.0549,15.708,no-snapshot,
1,2026-02-25T10:57:54.363000,0.0,38.41,0.015,38.404,2.4036,0.0549,15.708,no-snapshot,
2,2026-02-25T10:57:54.431000,0.0,38.41,0.015,38.404,2.4036,0.0549,15.708,no-snapshot,
3,2026-02-25T10:57:54.498000,0.0,38.41,0.015,38.404,2.4036,0.0549,15.708,no-snapshot,
4,2026-02-25T10:57:54.567000,0.0,38.41,0.015,38.404,2.4036,0.0549,15.708,no-snapshot,
5,2026-02-25T10:57:54.638000,0.0,38.41,0.015,38.404,2.4036,0.0549,15.708,no-snapshot,
6,2026-02-25T10:57:54.710000,0.0,38.41,0.015,38.404,2.4036,0.0549,15.708,no-snapshot,
7,2026-02-25T10:57:54.794000,0.0,38.41,0.015,38.404,2.4036,0.0549,15.708,no-snapshot,
8,2026-02-25T10:57:54.879000,0.0,38.41,0.015,38.404,2.4036,0.0549,15.708,no-snapshot,
1,2026-02-25T10:57:54.980000,0.0,38.41,0.015,38.404,2.4036,0.0549,15.708,no-snapshot,
2,2026-02-25T10:57:55.050000,0.0,38.41,0.015,38.404,2.4036,0.0549,15.708,no-snapshot,
3,2026-02-25T10:57:55.122000,0.0,38.41,0.015,38.404,2.4036,0.0549,15.708,no-snapshot,
4,2026-02-25T10:57:55.195000,0.0,38.41,0.015,38.404,2.4036,0.0549,15.708,no-snapshot,
5,2026-02-25T10:57:55.269000,0.0,38.41,0.015,38.404,2.4036,0.0549,15.708,no-snapshot,
6,2026-02-25T10:57:55.387000,0.0,38.41,0.015,38.404,2.4036,0.0549,15.708,no-snapshot,
7,2026-02-25T10:57:55.479000,0.0,38.41,0.015,38.404,2.4036,0.0549,15.708,no-snapshot,
8,2026-02-25T10:57:55.546000,0.0,38.41,0.015,38.404,2.4036,0.0549,15.708,no-snapshot,
1,2026-02-25T10:57:55.625000,0.0,38.41,0.015,38.404,2.4036,0.0549,15.708,no-snapshot,
2,2026-02-25T10:57:55.696000,0.0,38.41,0.015,38.404,2.4036,0.0549,15.708,no-snapshot,
3,2026-02-25T10:57:55.761000,0.0,38.41,0.015,38.404,2.4036,0.0549,15.708,no-snapshot,
4,2026-02-25T10:57:55.838000,0.0,38.41,0.015,38.404,2.4036,0.0549,15.708,no-snapshot,
5,2026-02-25T10:57:55.907000,0.0,38.41,0.015,38.404,2.4036,0.0549,15.708,no-snapshot,
6,2026-02-25T10:57:55.976000,0.0,38.41,0.015,38.404,2.4036,0.0549,15.708,no-snapshot,
7,2026-02-25T10:57:56.048000,0.0,38.41,0.015,38.404,2.4036,0.0549,15.708,no-snapshot,
8,2026-02-25T10:57:56.120000,0.0,38.41,0.015,38.404,2.4036,0.0549,15.708,no-snapshot,
1,2026-02-25T10:57:56.203000,0.0,38.41,0.015,38.404,2.4036,0.0549,15.708,no-snapshot,
2,2026-02-25T10:57:56.271000,0.0,38.41,0.015,38.404,2.4036,0.0549,15.708,no-snapshot,
3,2026-02-25T10:57:56.340000,0.0,38.41,0.015,38.404,2.4036,0.0549,15.708,no-snapshot,
4,2026-02-25T10:57:56.414000,0.0,38.41,0.015,38.404,2.4036,0.0549,15.708,no-snapshot,
5,2026-02-25T10:57:56.481000,0.0,38.41,0.015,38.404,2.4036,0.0549,15.708,no-snapshot,
6,2026-02-25T10:57:56.548000,0.0,38.41,0.015,38.404,2.4036,0.0549,15.708,no-snapshot,
7,2026-02-25T10:57:56.619000,0.0,38.41,0.015,38.404,2.4036,0.0549,15.708,no-snapshot,
8,2026-02-25T10:57:56.693000,0.0,38.41,0.015,38.404,2.4036,0.0549,15.708,no-snapshot,
1,2026-02-25T10:57:56.774000,0.0,38.41,0.015,38.404,2.4036,0.0549,15.708,no-snapshot,
2,2026-02-25T10:57:56.846000,0.0,38.41,0.015,38.404,2.4036,0.0549,15.708,no-snapshot,
3,2026-02-25T10:57:56.930000,0.0,38.41,0.015,38.404,2.4036,0.0549,15.708,no-snapshot,
4,2026-02-25T10:57:57.007000,0.0,38.41,0.015,38.404,2.4036,0.0549,15.708,no-snapshot,
5,2026-02-25T10:57:57.083000,0.0,38.41,0.015,38.404,2.4036,0.0549,15.708,no-snapshot,
6,2026-02-25T10:57:57.150000,0.0,38.41,0.015,38.404,2.4036,0.0549,15.708,no-snapshot,
7,2026-02-25T10:57:57.218000,0.0,38.41,0.015,38.404,2.4036,0.0549,15.708,no-snapshot,
8,2026-02-25T10:57:57.289000,0.0,38.41,0.015,38.404,2.4036,0.0549,15.708,no-snapshot,
1,2026-02-25T10:57:57.371000,0.0,38.41,0.015,38.404,2.4036,0.0549,15.708,no-snapshot,
2,2026-02-25T10:57:57.444000,0.0,38.41,0.015,38.404,2.4036,0.0549,15.708,no-snapshot,
3,2026-02-25T10:57:57.543000,0.0,38.41,0.015,38.404,2.4036,0.0549,15.708,no-snapshot,
4,2026-02-25T10:57:57.612000,0.0,38.41,0.015,38.404,2.4036,0.0549,15.708,no-snapshot,
5,2026-02-25T10:57:57.679000,0.0,38.41,0.015,38.404,2.4036,0.0549,15.708,no-snapshot,
6,2026-02-25T10:57:57.753000,0.0,38.41,0.015,38.404,2.4036,0.0549,15.708,no-snapshot,
7,2026-02-25T10:57:57.828000,0.0,38.41,0.015,38.404,2.4036,0.0549,15.708,no-snapshot,
8,2026-02-25T10:57:57.898000,0.0,38.41,0.015,38.404,2.4036,0.0549,15.708,no-snapshot,
1,2026-02-25T10:57:57.981000,0.0,38.41,0.015,38.404,2.4036,0.0549,15.708,no-snapshot,
2,2026-02-25T10:57:58.054000,0.0,38.41,0.015,38.404,2.4036,0.0549,15.708,no-snapshot,
3,2026-02-25T10:57:58.125000,0.0,38.41,0.015,38.404,2.4036,0.0549,15.708,no-snapshot,
4,2026-02-25T10:57:58.203000,0.0,38.41,0.015,38.404,2.4036,0.0549,15.708,no-snapshot,
5,2026-02-25T10:57:58.277000,0.0,38.41,0.015,38.404,2.4036,0.0549,15.708,no-snapshot,
6,2026-02-25T10:57:58.386000,0.0,38.41,0.015,38.404,2.4036,0.0549,15.708,no-snapshot,
7,2026-02-25T10:57:58.465000,0.0,38.41,0.015,38.404,2.4036,0.0549,15.708,no-snapshot,
8,2026-02-25T10:57:58.534000,0.0,38.41,0.015,38.404,2.4036,0.0549,15.708,no-snapshot,
1,2026-02-25T10:57:58.616000,0.0,38.41,0.015,38.404,2.4036,0.0549,15.708,no-snapshot,
2,2026-02-25T10:57:58.684000,0.0,38.41,0.015,38.404,2.4036,0.0549,15.708,no-snapshot,
3,2026-02-25T10:57:58.766000,0.0,38.41,0.015,38.404,2.4036,0.0549,15.708,no-snapshot,
4,2026-02-25T10:57:58.851000,0.0,38.41,0.015,38.404,2.4036,0.0549,15.708,no-snapshot,
5,2026-02-25T10:57:58.934000,0.0,38.41,0.015,38.404,2.4036,0.0549,15.708,no-snapshot,
6,2026-02-25T10:57:59.014000,0.0,38.41,0.015,38.404,2.4036,0.0549,15.708,no-snapshot,
7,2026-02-25T10:57:59.094000,0.0,38.41,0.015,38.404,2.4036,0.0549,15.708,no-snapshot,
8,2026-02-25T10:57:59.173000,0.0,38.41,0.015,38.404,2.4036,0.0549,15.708,no-snapshot,
1,2026-02-25T10:57:59.258000,0.0,38.41,0.015,38.404,2.4036,0.0549,15.708,no-snapshot,
2,2026-02-25T10:57:59.331000,0.0,38.41,0.015,38.404,2.4036,0.0549,15.708,no-snapshot,
3,2026-02-25T10:57:59.399000,0.0,38.41,0.015,38.404,2.4036,0.0549,15.708,no-snapshot,
4,2026-02-25T10:57:59.472000,0.0,38.41,0.015,38.404,2.4036,0.0549,15.708,no-snapshot,
5,2026-02-25T10:57:59.541000,0.0,38.41,0.015,38.404,2.4036,0.0549,15.708,no-snapshot,
6,2026-02-25T10:57:59.642000,0.0,38.41,0.015,38.404,2.4036,0.0549,15.708,no-snapshot,
7,2026-02-25T10:57:59.712000,0.0,38.41,0.015,38.404,2.4036,0.0549,15.708,no-snapshot,
8,2026-02-25T10:57:59.781000,0.0,38.41,0.015,38.404,2.4036,0.0549,15.708,no-snapshot,
1,2026-02-25T10:57:59.861000,0.0,38.41,0.015,38.404,2.4036,0.0549,15.708,no-snapshot,
2,2026-02-25T10:57:59.931000,0.0,38.41,0.015,38.404,2.4036,0.0549,15.708,no-snapshot,
3,2026-02-25T10:58:00.003000,0.0,38.41,0.015,38.404,2.4036,0.0549,15.708,no-snapshot,
4,2026-02-25T10:58:00.086000,0.0,38.41,0.015,38.404,2.4036,0.0549,15.708,no-snapshot,
5,2026-02-25T10:58:00.151000,0.0,38.41,0.015,38.404,2.4036,0.0549,15.708,no-snapshot,
6,2026-02-25T10:58:00.225000,0.0,38.41,0.015,38.404,2.4036,0.0549,15.708,no-snapshot,
7,2026-02-25T10:58:00.295000,0.0,38.41,0.015,38.404,2.4036,0.0549,15.708,no-snapshot,
8,2026-02-25T10:58:00.367000,0.0,38.41,0.015,38.404,2.4036,0.0549,15.708,no-snapshot,
1,2026-02-25T10:58:00.457000,0.0,38.41,0.015,38.404,2.4036,0.0549,15.708,no-snapshot,
2,2026-02-25T10:58:00.528000,0.0,38.41,0.015,38.404,2.4036,0.0549,15.708,no-snapshot,
3,2026-02-25T10:58:00.605000,0.0,38.41,0.015,38.404,2.4036,0.0549,15.708,no-snapshot,
4,2026-02-25T10:58:00.673000,0.0,38.41,0.015,38.404,2.4036,0.0549,15.708,no-snapshot,
5,2026-02-25T10:58:00.744000,0.0,38.41,0.015,38.404,2.4036,0.0549,15.708,no-snapshot,
6,2026-02-25T10:58:00.813000,0.0,38.41,0.015,38.404,2.4036,0.0549,15.708,no-snapshot,
7,2026-02-25T10:58:00.883000,0.0,38.41,0.015,38.404,2.4036,0.0549,15.708,no-snapshot,
8,2026-02-25T10:58:00.964000,0.0,38.41,0.015,38.404,2.4036,0.0549,15.708,no-snapshot,
1,2026-02-25T10:58:01.059000,0.0,38.41,0.015,38.404,2.4036,0.0549,15.708,no-snapshot,
2,2026-02-25T10:58:01.137000,0.0,38.41,0.015,38.404,2.4036,0.0549,15.708,no-snapshot,
3,2026-02-25T10:58:01.213000,0.0,38.41,0.015,38.404,2.4036,0.0549,15.708,no-snapshot,
4,2026-02-25T10:58:01.285000,0.0,38.41,0.015,38.404,2.4036,0.0549,15.708,no-snapshot,
5,2026-02-25T10:58:01.358000,0.0,38.41,0.015,38.404,2.4036,0.0549,15.708,no-snapshot,
6,2026-02-25T10:58:01.466000,0.0,38.41,0.015,38.404,2.4036,0.0549,15.708,no-snapshot,
7,2026-02-25T10:58:01.562000,0.0,38.41,0.015,38.404,2.4036,0.0549,15.708,no-snapshot,
8,2026-02-25T10:58:01.634000,0.0,38.41,0.015,38.404,2.4036,0.0549,15.708,no-snapshot,
1,2026-02-25T10:58:01.743000,0.0,38.41,0.015,38.404,2.4036,0.0549,15.708,no-snapshot,
2,2026-02-25T10:58:01.813000,0.0,38.41,0.015,38.404,2.4036,0.0549,15.708,no-snapshot,
3,2026-02-25T10:58:01.882000,0.0,38.41,0.015,38.404,2.4036,0.0549,15.708,no-snapshot,
4,2026-02-25T10:58:01.952000,0.0,38.41,0.015,38.404,2.4036,0.0549,15.708,no-snapshot,
5,2026-02-25T10:58:02.026000,0.0,38.41,0.015,38.404,2.4036,0.0549,15.708,no-snapshot,
6,2026-02-25T10:58:02.094000,0.0,38.41,0.015,38.404,2.4036,0.0549,15.708,no-snapshot,
7,2026-02-25T10:58:02.165000,0.0,38.41,0.015,38.404,2.4036,0.0549,15.708,no-snapshot,
8,2026-02-25T10:58:02.235000,0.0,38.41,0.015,38.404,2.4036,0.0549,15.708,no-snapshot,
1,2026-02-25T10:58:02.316000,0.0,38.41,0.015,38.404,2.4036,0.0549,15.708,no-snapshot,
2,2026-02-25T10:58:02.388000,0.0,38.41,0.015,38.404,2.4036,0.0549,15.708,no-snapshot,
3,2026-02-25T10:58:02.461000,0.0,38.41,0.015,38.404,2.4036,0.0549,15.708,no-snapshot,
4,2026-02-25T10:58:02.530000,0.0,38.41,0.015,38.404,2.4036,0.0549,15.708,no-snapshot,
5,2026-02-25T10:58:02.601000,0.0,38.41,0.015,38.404,2.4036,0.0549,15.708,no-snapshot,
6,2026-02-25T10:58:02.679000,0.0,38.41,0.015,38.404,2.4036,0.0549,15.708,no-snapshot,
7,2026-02-25T10:58:02.786000,0.0,38.41,0.015,38.404,2.4036,0.0549,15.708,no-snapshot,
8,2026-02-25T10:58:02.858000,0.0,38.41,0.015,38.404,2.4036,0.0549,15.708,no-snapshot,
1,2026-02-25T10:58:02.945000,0.0,38.41,0.015,38.404,2.4036,0.0549,15.708,no-snapshot,
2,2026-02-25T10:58:03.020000,0.0,38.41,0.015,38.404,2.4036,0.0549,15.708,no-snapshot,
3,2026-02-25T10:58:03.106000,0.0,38.41,0.015,38.404,2.4036,0.0549,15.708,no-snapshot,
4,2026-02-25T10:58:03.177000,0.0,38.41,0.015,38.404,2.4036,0.0549,15.708,no-snapshot,
5,2026-02-25T10:58:03.249000,0.0,38.41,0.015,38.404,2.4036,0.0549,15.708,no-snapshot,
6,2026-02-25T10:58:03.324000,0.0,38.41,0.015,38.404,2.4036,0.0549,15.708,no-snapshot,
7,2026-02-25T10:58:03.418000,0.0,38.41,0.015,38.404,2.4036,0.0549,15.708,no-snapshot,
8,2026-02-25T10:58:03.511000,0.0,38.41,0.015,38.404,2.4036,0.0549,15.708,no-snapshot,
1,2026-02-25T10:58:03.593000,0.0,38.41,0.015,38.404,2.4036,0.0549,15.708,no-snapshot,
2,2026-02-25T10:58:03.663000,0.0,38.41,0.015,38.404,2.4036,0.0549,15.708,no-snapshot,
3,2026-02-25T10:58:03.757000,0.0,38.41,0.015,38.404,2.4036,0.0549,15.708,no-snapshot,
4,2026-02-25T10:58:03.892000,0.0,38.41,0.015,38.404,2.4036,0.0549,15.708,no-snapshot,
5,2026-02-25T10:58:03.963000,0.0,38.41,0.015,38.404,2.4036,0.0549,15.708,no-snapshot,
6,2026-02-25T10:58:04.037000,0.0,38.41,0.015,38.404,2.4036,0.0549,15.708,no-snapshot,
7,2026-02-25T10:58:04.109000,0.0,38.41,0.015,38.404,2.4036,0.0549,15.708,no-snapshot,
8,2026-02-25T10:58:04.181000,0.0,38.41,0.015,38.404,2.4036,0.0549,15.708,no-snapshot,
1,2026-02-25T10:58:04.265000,0.0,38.41,0.015,38.404,2.4036,0.0549,15.708,no-snapshot,
2,2026-02-25T10:58:04.334000,0.0,38.41,0.015,38.404,2.4036,0.0549,15.708,no-snapshot,
3,2026-02-25T10:58:04.407000,0.0,38.41,0.015,38.404,2.4036,0.0549,15.708,no-snapshot,
4,2026-02-25T10:58:04.479000,0.0,38.41,0.015,38.404,2.4036,0.0549,15.708,no-snapshot,
5,2026-02-25T10:58:04.555000,0.0,38.41,0.015,38.404,2.4036,0.0549,15.708,no-snapshot,
6,2026-02-25T10:58:04.660000,0.0,38.41,0.015,38.404,2.4036,0.0549,15.708,no-snapshot,
7,2026-02-25T10:58:04.788000,0.0,38.41,0.015,38.404,2.4036,0.0549,15.708,no-snapshot,
8,2026-02-25T10:58:04.877000,0.0,38.41,0.015,38.404,2.4036,0.0549,15.708,no-snapshot,
1,2026-02-25T10:58:04.972000,0.0,38.41,0.015,38.404,2.4036,0.0549,15.708,no-snapshot,
2,2026-02-25T10:58:05.049000,0.0,38.41,0.015,38.404,2.4036,0.0549,15.708,no-snapshot,
3,2026-02-25T10:58:05.122000,0.0,38.41,0.015,38.404,2.4036,0.0549,15.708,no-snapshot,
4,2026-02-25T10:58:05.197000,0.0,38.41,0.015,38.404,2.4036,0.0549,15.708,no-snapshot,
5,2026-02-25T10:58:05.266000,0.0,38.41,0.015,38.404,2.4036,0.0549,15.708,no-snapshot,
6,2026-02-25T10:58:05.337000,0.0,38.41,0.015,38.404,2.4036,0.0549,15.708,no-snapshot,
7,2026-02-25T10:58:05.410000,0.0,38.41,0.015,38.404,2.4036,0.0549,15.708,no-snapshot,
8,2026-02-25T10:58:05.485000,0.0,38.41,0.015,38.404,2.4036,0.0549,15.708,no-snapshot,
1,2026-02-25T10:58:05.573000,0.0,38.41,0.015,38.404,2.4036,0.0549,15.708,no-snapshot,
2,2026-02-25T10:58:05.654000,0.0,38.41,0.015,38.404,2.4036,0.0549,15.708,no-snapshot,
3,2026-02-25T10:58:05.731000,0.0,38.41,0.015,38.404,2.4036,0.0549,15.708,no-snapshot,
4,2026-02-25T10:58:05.811000,0.0,38.41,0.015,38.404,2.4036,0.0549,15.708,no-snapshot,
5,2026-02-25T10:58:05.912000,0.0,38.41,0.015,38.404,2.4036,0.0549,15.708,no-snapshot,
6,2026-02-25T10:58:05.996000,0.0,38.41,0.015,38.404,2.4036,0.0549,15.708,no-snapshot,
7,2026-02-25T10:58:06.563000,0.0,38.41,0.015,38.404,2.4036,0.0549,15.708,no-snapshot,
8,2026-02-25T10:58:06.646000,0.0,38.41,0.015,38.404,2.4036,0.0549,15.708,no-snapshot,
1,2026-02-25T10:58:06.740000,0.0,38.41,0.015,38.404,2.4036,0.0549,15.708,no-snapshot,
2,2026-02-25T10:58:06.816000,0.0,38.41,0.015,38.404,2.4036,0.0549,15.708,no-snapshot,
3,2026-02-25T10:58:06.888000,0.0,38.41,0.015,38.404,2.4036,0.0549,15.708,no-snapshot,
4,2026-02-25T10:58:06.959000,0.0,38.41,0.015,38.404,2.4036,0.0549,15.708,no-snapshot,
5,2026-02-25T10:58:07.035000,0.0,38.41,0.015,38.404,2.4036,0.0549,15.708,no-snapshot,
6,2026-02-25T10:58:07.114000,0.0,38.41,0.015,38.404,2.4036,0.0549,15.708,no-snapshot,
7,2026-02-25T10:58:07.197000,0.0,38.41,0.015,38.404,2.4036,0.0549,15.708,no-snapshot,
8,2026-02-25T10:58:07.271000,0.0,38.41,0.015,38.404,2.4036,0.0549,15.708,no-snapshot,
1,2026-02-25T10:58:07.356000,0.0,38.41,0.015,38.404,2.4036,0.0549,15.708,no-snapshot,
2,2026-02-25T10:58:07.428000,0.0,38.41,0.015,38.404,2.4036,0.0549,15.708,no-snapshot,
3,2026-02-25T10:58:07.501000,0.0,38.41,0.015,38.404,2.4036,0.0549,15.708,no-snapshot,
4,2026-02-25T10:58:07.573000,0.0,38.41,0.015,38.404,2.4036,0.0549,15.708,no-snapshot,
5,2026-02-25T10:58:07.644000,0.0,38.41,0.015,38.404,2.4036,0.0549,15.708,no-snapshot,
6,2026-02-25T10:58:07.719000,0.0,38.41,0.015,38.404,2.4036,0.0549,15.708,no-snapshot,
7,2026-02-25T10:58:07.795000,0.0,38.41,0.015,38.404,2.4036,0.0549,15.708,no-snapshot,
8,2026-02-25T10:58:07.868000,0.0,38.41,0.015,38.404,2.4036,0.0549,15.708,no-snapshot,
1,2026-02-25T10:58:07.955000,0.0,38.41,0.015,38.404,2.4036,0.0549,15.708,no-snapshot,
2,2026-02-25T10:58:08.057000,0.0,38.41,0.015,38.404,2.4036,0.0549,15.708,no-snapshot,
3,2026-02-25T10:58:08.179000,0.0,38.41,0.015,38.404,2.4036,0.0549,15.708,no-snapshot,
4,2026-02-25T10:58:08.253000,0.0,38.41,0.015,38.404,2.4036,0.0549,15.708,no-snapshot,
5,2026-02-25T10:58:08.332000,0.0,38.41,0.015,38.404,2.4036,0.0549,15.708,no-snapshot,
6,2026-02-25T10:58:08.405000,0.0,38.41,0.015,38.404,2.4036,0.0549,15.708,no-snapshot,
7,2026-02-25T10:58:08.484000,0.0,38.41,0.015,38.404,2.4036,0.0549,15.708,no-snapshot,
8,2026-02-25T10:58:08.561000,0.0,38.41,0.015,38.404,2.4036,0.0549,15.708,no-snapshot,
1,2026-02-25T10:58:08.649000,0.0,38.41,0.015,38.404,2.4036,0.0549,15.708,no-snapshot,
2,2026-02-25T10:58:08.729000,0.0,38.41,0.015,38.404,2.4036,0.0549,15.708,no-snapshot,
3,2026-02-25T10:58:08.806000,0.0,38.41,0.015,38.404,2.4036,0.0549,15.708,no-snapshot,
4,2026-02-25T10:58:08.878000,0.0,38.41,0.015,38.404,2.4036,0.0549,15.708,no-snapshot,
5,2026-02-25T10:58:08.953000,0.0,38.41,0.015,38.404,2.4036,0.0549,15.708,no-snapshot,
6,2026-02-25T10:58:09.027000,0.0,38.41,0.015,38.404,2.4036,0.0549,15.708,no-snapshot,
7,2026-02-25T10:58:09.099000,0.0,38.41,0.015,38.404,2.4036,0.0549,15.708,no-snapshot,
8,2026-02-25T10:58:09.176000,0.0,38.41,0.015,38.404,2.4036,0.0549,15.708,no-snapshot,
1,2026-02-25T10:58:09.266000,0.0,38.41,0.015,38.404,2.4036,0.0549,15.708,no-snapshot,
2,2026-02-25T10:58:09.338000,0.0,38.41,0.015,38.404,2.4036,0.0549,15.708,no-snapshot,
3,2026-02-25T10:58:09.414000,0.0,38.41,0.015,38.404,2.4036,0.0549,15.708,no-snapshot,
4,2026-02-25T10:58:09.491000,0.0,38.41,0.015,38.404,2.4036,0.0549,15.708,no-snapshot,
5,2026-02-25T10:58:09.566000,0.0,38.41,0.015,38.404,2.4036,0.0549,15.708,no-snapshot,
6,2026-02-25T10:58:09.639000,0.0,38.41,0.015,38.404,2.4036,0.0549,15.708,no-snapshot,
7,2026-02-25T10:58:09.713000,0.0,38.41,0.015,38.404,2.4036,0.0549,15.708,no-snapshot,
8,2026-02-25T10:58:09.787000,0.0,38.41,0.015,38.404,2.4036,0.0549,15.708,no-snapshot,
1,2026-02-25T10:58:09.871000,0.0,38.41,0.015,38.404,2.4036,0.0549,15.708,no-snapshot,
2,2026-02-25T10:58:09.944000,0.0,38.41,0.015,38.404,2.4036,0.0549,15.708,no-snapshot,
3,2026-02-25T10:58:10.018000,0.0,38.41,0.015,38.404,2.4036,0.0549,15.708,no-snapshot,
4,2026-02-25T10:58:10.118000,0.0,38.41,0.015,38.404,2.4036,0.0549,15.708,no-snapshot,
5,2026-02-25T10:58:10.196000,0.0,38.41,0.015,38.404,2.4036,0.0549,15.708,no-snapshot,
6,2026-02-25T10:58:10.272000,0.0,38.41,0.015,38.404,2.4036,0.0549,15.708,no-snapshot,
7,2026-02-25T10:58:10.346000,0.0,38.41,0.015,38.404,2.4036,0.0549,15.708,no-snapshot,
8,2026-02-25T10:58:10.421000,0.0,38.41,0.015,38.404,2.4036,0.0549,15.708,no-snapshot,
1,2026-02-25T10:58:10.509000,0.0,38.41,0.015,38.404,2.4036,0.0549,15.708,no-snapshot,
2,2026-02-25T10:58:10.585000,0.0,38.41,0.015,38.404,2.4036,0.0549,15.708,no-snapshot,
3,2026-02-25T10:58:10.664000,0.0,38.41,0.015,38.404,2.4036,0.0549,15.708,no-snapshot,
4,2026-02-25T10:58:10.739000,0.0,38.41,0.015,38.404,2.4036,0.0549,15.708,no-snapshot,
5,2026-02-25T10:58:10.811000,0.0,38.41,0.015,38.404,2.4036,0.0549,15.708,no-snapshot,
6,2026-02-25T10:58:10.885000,0.0,38.41,0.015,38.404,2.4036,0.0549,15.708,no-snapshot,
7,2026-02-25T10:58:10.956000,0.0,38.41,0.015,38.404,2.4036,0.0549,15.708,no-snapshot,
8,2026-02-25T10:58:11.033000,0.0,38.41,0.015,38.404,2.4036,0.0549,15.708,no-snapshot,
1,2026-02-25T10:58:11.119000,0.0,38.41,0.015,38.404,2.4036,0.0549,15.708,no-snapshot,
2,2026-02-25T10:58:11.195000,0.0,38.41,0.015,38.404,2.4036,0.0549,15.708,no-snapshot,
3,2026-02-25T10:58:11.270000,0.0,38.41,0.015,38.404,2.4036,0.0549,15.708,no-snapshot,
4,2026-02-25T10:58:11.379000,0.0,38.41,0.015,38.404,2.4036,0.0549,15.708,no-snapshot,
5,2026-02-25T10:58:11.473000,0.0,38.41,0.015,38.404,2.4036,0.0549,15.708,no-snapshot,
6,2026-02-25T10:58:11.547000,0.0,38.41,0.015,38.404,2.4036,0.0549,15.708,no-snapshot,
7,2026-02-25T10:58:11.625000,0.0,38.41,0.015,38.404,2.4036,0.0549,15.708,no-snapshot,
8,2026-02-25T10:58:11.698000,0.0,38.41,0.015,38.404,2.4036,0.0549,15.708,no-snapshot,
1,2026-02-25T10:58:11.785000,0.0,38.41,0.015,38.404,2.4036,0.0549,15.708,no-snapshot,
2,2026-02-25T10:58:11.858000,0.0,38.41,0.015,38.404,2.4036,0.0549,15.708,no-snapshot,
3,2026-02-25T10:58:11.932000,0.0,38.41,0.015,38.404,2.4036,0.0549,15.708,no-snapshot,
4,2026-02-25T10:58:12.009000,0.0,38.41,0.015,38.404,2.4036,0.0549,15.708,no-snapshot,
5,2026-02-25T10:58:12.083000,0.0,38.41,0.015,38.404,2.4036,0.0549,15.708,no-snapshot,
6,2026-02-25T10:58:12.163000,0.0,38.41,0.015,38.404,2.4036,0.0549,15.708,no-snapshot,
7,2026-02-25T10:58:12.257000,0.0,38.41,0.015,38.404,2.4036,0.0549,15.708,no-snapshot,
8,2026-02-25T10:58:12.332000,0.0,38.41,0.015,38.404,2.4036,0.0549,15.708,no-snapshot,
1,2026-02-25T10:58:12.418000,0.0,38.41,0.015,38.404,2.4036,0.0549,15.708,no-snapshot,
2,2026-02-25T10:58:12.494000,0.0,38.41,0.015,38.404,2.4036,0.0549,15.708,no-snapshot,
3,2026-02-25T10:58:12.566000,0.0,38.41,0.015,38.404,2.4036,0.0549,15.708,no-snapshot,
4,2026-02-25T10:58:12.643000,0.0,38.41,0.015,38.404,2.4036,0.0549,15.708,no-snapshot,
5,2026-02-25T10:58:12.740000,0.0,38.41,0.015,38.404,2.4036,0.0549,15.708,no-snapshot,
6,2026-02-25T10:58:12.842000,0.0,38.41,0.015,38.404,2.4036,0.0549,15.708,no-snapshot,
7,2026-02-25T10:58:12.915000,0.0,38.41,0.015,38.404,2.4036,0.0549,15.708,no-snapshot,
8,2026-02-25T10:58:12.987000,0.0,38.41,0.015,38.404,2.4036,0.0549,15.708,no-snapshot,
1,2026-02-25T10:58:13.078000,0.0,38.41,0.015,38.404,2.4036,0.0549,15.708,no-snapshot,
2,2026-02-25T10:58:13.152000,0.0,38.41,0.015,38.404,2.4036,0.0549,15.708,no-snapshot,
3,2026-02-25T10:58:13.232000,0.0,38.41,0.015,38.404,2.4036,0.0549,15.708,no-snapshot,
4,2026-02-25T10:58:13.304000,0.0,38.41,0.015,38.404,2.4036,0.0549,15.708,no-snapshot,
5,2026-02-25T10:58:13.386000,0.0,38.41,0.015,38.404,2.4036,0.0549,15.708,no-snapshot,
6,2026-02-25T10:58:13.496000,0.0,38.41,0.015,38.404,2.4036,0.0549,15.708,no-snapshot,
7,2026-02-25T10:58:13.575000,0.0,38.41,0.015,38.404,2.4036,0.0549,15.708,no-snapshot,
8,2026-02-25T10:58:13.649000,0.0,38.41,0.015,38.404,2.4036,0.0549,15.708,no-snapshot,
1,2026-02-25T10:58:13.745000,0.0,38.41,0.015,38.404,2.4036,0.0549,15.708,no-snapshot,
2,2026-02-25T10:58:13.860000,0.0,38.41,0.015,38.404,2.4036,0.0549,15.708,no-snapshot,
3,2026-02-25T10:58:13.931000,0.0,38.41,0.015,38.404,2.4036,0.0549,15.708,no-snapshot,
4,2026-02-25T10:58:14.006000,0.0,38.41,0.015,38.404,2.4036,0.0549,15.708,no-snapshot,
5,2026-02-25T10:58:14.081000,0.0,38.41,0.015,38.404,2.4036,0.0549,15.708,no-snapshot,
6,2026-02-25T10:58:14.154000,0.0,38.41,0.015,38.404,2.4036,0.0549,15.708,no-snapshot,
7,2026-02-25T10:58:14.230000,0.0,38.41,0.015,38.404,2.4036,0.0549,15.708,no-snapshot,
8,2026-02-25T10:58:14.338000,0.0,38.41,0.015,38.404,2.4036,0.0549,15.708,no-snapshot,
1,2026-02-25T10:58:14.424000,0.0,38.41,0.015,38.404,2.4036,0.0549,15.708,no-snapshot,
2,2026-02-25T10:58:14.501000,0.0,38.41,0.015,38.404,2.4036,0.0549,15.708,no-snapshot,
3,2026-02-25T10:58:14.572000,0.0,38.41,0.015,38.404,2.4036,0.0549,15.708,no-snapshot,
4,2026-02-25T10:58:14.647000,0.0,38.41,0.015,38.404,2.4036,0.0549,15.708,no-snapshot,
5,2026-02-25T10:58:14.775000,0.0,38.41,0.015,38.404,2.4036,0.0549,15.708,no-snapshot,
6,2026-02-25T10:58:14.861000,0.0,38.41,0.015,38.404,2.4036,0.0549,15.708,no-snapshot,
7,2026-02-25T10:58:14.942000,0.0,38.41,0.015,38.404,2.4036,0.0549,15.708,no-snapshot,
8,2026-02-25T10:58:15.022000,0.0,38.41,0.015,38.404,2.4036,0.0549,15.708,no-snapshot,
1,2026-02-25T10:58:15.107000,0.0,38.41,0.015,38.404,2.4036,0.0549,15.708,no-snapshot,
2,2026-02-25T10:58:15.181000,0.0,38.41,0.015,38.404,2.4036,0.0549,15.708,no-snapshot,
3,2026-02-25T10:58:15.257000,0.0,38.41,0.015,38.404,2.4036,0.0549,15.708,no-snapshot,
4,2026-02-25T10:58:15.330000,0.0,38.41,0.015,38.404,2.4036,0.0549,15.708,no-snapshot,
5,2026-02-25T10:58:15.404000,0.0,38.41,0.015,38.404,2.4036,0.0549,15.708,no-snapshot,
6,2026-02-25T10:58:15.477000,0.0,38.41,0.015,38.404,2.4036,0.0549,15.708,no-snapshot,
7,2026-02-25T10:58:15.556000,0.0,38.41,0.015,38.404,2.4036,0.0549,15.708,no-snapshot,
8,2026-02-25T10:58:15.629000,0.0,38.41,0.015,38.404,2.4036,0.0549,15.708,no-snapshot,
1,2026-02-25T10:58:15.716000,0.0,38.41,0.015,38.404,2.4036,0.0549,15.708,no-snapshot,
2,2026-02-25T10:58:15.793000,0.0,38.41,0.015,38.404,2.4036,0.0549,15.708,no-snapshot,
3,2026-02-25T10:58:15.878000,0.0,38.41,0.015,38.404,2.4036,0.0549,15.708,no-snapshot,
4,2026-02-25T10:58:15.953000,0.0,38.41,0.015,38.404,2.4036,0.0549,15.708,no-snapshot,
5,2026-02-25T10:58:16.029000,0.0,38.41,0.015,38.404,2.4036,0.0549,15.708,no-snapshot,
6,2026-02-25T10:58:16.105000,0.0,38.41,0.015,38.404,2.4036,0.0549,15.708,no-snapshot,
7,2026-02-25T10:58:16.182000,0.0,38.41,0.015,38.404,2.4036,0.0549,15.708,no-snapshot,
8,2026-02-25T10:58:16.265000,0.0,38.41,0.015,38.404,2.4036,0.0549,15.708,no-snapshot,
1,2026-02-25T10:58:16.358000,0.0,38.41,0.015,38.404,2.4036,0.0549,15.708,no-snapshot,
2,2026-02-25T10:58:16.455000,0.0,38.41,0.015,38.404,2.4036,0.0549,15.708,no-snapshot,
3,2026-02-25T10:58:16.528000,0.0,38.41,0.015,38.404,2.4036,0.0549,15.708,no-snapshot,
4,2026-02-25T10:58:16.601000,0.0,38.41,0.015,38.404,2.4036,0.0549,15.708,no-snapshot,
5,2026-02-25T10:58:16.674000,0.0,38.41,0.015,38.404,2.4036,0.0549,15.708,no-snapshot,
6,2026-02-25T10:58:16.751000,0.0,38.41,0.015,38.404,2.4036,0.0549,15.708,no-snapshot,
7,2026-02-25T10:58:16.826000,0.0,38.41,0.015,38.404,2.4036,0.0549,15.708,no-snapshot,
